meeting_idx_id,meeting_date,agenda_key,agenda_no,original_agenda_no,agenda_kind,visibility,title,case_numbers,source_status,source_confidence
7077,2026-04-22,deliberation_decision:01:1,1,①,deliberation_decision,public,개인정보보호 법규 위반행위에 대한 시정조치에 관한 건(2025조이0057),2025조이0057,parsed_from_schedule,0.88
7077,2026-04-22,deliberation_decision:02:2,2,②,deliberation_decision,public,"개인정보보호 법규 위반행위에 대한 시정조치에 관한 건(2025조이0019, 0096)","2025조이0019,2025조이0096",parsed_from_schedule,0.88
7077,2026-04-22,deliberation_decision:03:3,3,③,deliberation_decision,private,「사전적정성 검토」 결과에 관한 건,,parsed_from_schedule,0.88
7077,2026-04-22,report:01:4,4,①,report,private,개인정보 처리방침 평가 추진 방향 및 평가대상 선정(안) 보고,,parsed_from_schedule,0.88
7077,2026-04-22,report:02:5,5,②,report,private,2025년 공공기관 개인정보 보호수준 평가 결과 보고,,parsed_from_schedule,0.88
7077,2026-04-22,report:03:6,6,③,report,private,「개인정보 보호법 시행령」 일부개정안에 관한 건,,parsed_from_schedule,0.88
7075,2026-04-08,deliberation_decision:01:1,1,①,deliberation_decision,private,"개인정보보호 법규 위반행위에 대한 시정조치에 관한 건(2025조이0057, 2024조일0071)","2025조이0057,2024조일0071",parsed_from_schedule,0.88
7075,2026-04-08,report:01:2,2,①,report,private,사전 예방 중심 개인정보 보호 실천 전략(안),,parsed_from_schedule,0.88
7075,2026-04-08,report:02:3,3,②,report,private,2026년 공공기관 개인정보 보호수준 평가 추진계획,,parsed_from_schedule,0.88
7075,2026-04-08,report:03:4,4,③,report,private,정보보호 및 개인정보보호 관리체계 인증제 실효성 강화방안 수립에 관한 건,,parsed_from_schedule,0.88
7075,2026-04-08,report:04:5,5,④,report,private,「개인정보 보호법 위반에 대한 과징금 부과기준」 일부개정안에 관한 사항,,parsed_from_schedule,0.88
7071,2026-03-25,deliberation_decision:01:1,1,①,deliberation_decision,public,"개인정보보호 법규 위반행위에 대한 시정조치에 관한 건(2023조총0042, 2024조총0025)","2023조총0042,2024조총0025",parsed_from_schedule,0.88
7071,2026-03-25,deliberation_decision:02:2,2,②,deliberation_decision,private,"개인정보보호 법규 위반행위에 대한 시정조치에 관한 건(2026조일0003, 2025조총0014, 2024조총0088)","2026조일0003,2025조총0014,2024조총0088",parsed_from_schedule,0.88
7071,2026-03-25,report:01:3,3,①,report,private,공공부문 개인정보보호 강화를 위한 제도개선 추진,,parsed_from_schedule,0.88
7071,2026-03-25,report:02:4,4,②,report,private,온라인플랫폼 4개 분야 자율규약 이행점검 결과에 관한 건,,parsed_from_schedule,0.88
7069,2026-03-11,deliberation_decision:01:1,1,①,deliberation_decision,public,공공 AX 혁신지원 위한 사전적정성 검토 결과에 관한 건,,parsed_from_schedule,0.88
7069,2026-03-11,deliberation_decision:02:2,2,②,deliberation_decision,public,디지털 포렌식 지원 및 증거 보관·관리 규정 제정안에 관한 건,,parsed_from_schedule,0.88
7069,2026-03-11,deliberation_decision:03:3,3,③,deliberation_decision,private,개인정보보호 법규 위반행위에 대한 시정조치에 관한 건(2025조일0053-01),2025조일0053,parsed_from_schedule,0.88
7069,2026-03-11,deliberation_decision:04:4,4,④,deliberation_decision,public,보건의료 분야 개인정보 전송에 관한 고시 일부개정안에 관한 건,,parsed_from_schedule,0.88
7069,2026-03-11,report:01:5,5,①,report,private,"""사전예방적 개인정보 보호"" 전환을 지원하는 과징금체계 개편방안",,parsed_from_schedule,0.88
7067,2026-02-11,deliberation_decision:01:1,1,①,deliberation_decision,public,공공 AX 혁신지원 위한 사전적정성 검토 결과에 관한 건,,parsed_from_schedule,0.88
7067,2026-02-11,deliberation_decision:02:2,2,②,deliberation_decision,private,"개인정보보호 법규 위반행위에 대한 시정조치에 관한 건(2025조일0026, 0028, 0035)","2025조일0026,2025조일0028,2025조일0035",parsed_from_schedule,0.88
7067,2026-02-11,deliberation_decision:03:3,3,③,deliberation_decision,private,개인정보보호 법규 위반행위에 대한 시정조치에 관한 건(2024조이0068~0078),"2024조이0068,2024조이0069,2024조이0070,2024조이0071,2024조이0072,2024조이0073,2024조이0074,2024조이0075,2024조이0076,2024조이0077,2024조이0078",parsed_from_schedule,0.88
7067,2026-02-11,deliberation_decision:04:4,4,④,deliberation_decision,public,개인정보 보호수준 평가에 관한 고시 개정에 관한 건,,parsed_from_schedule,0.88
7067,2026-02-11,report:01:5,5,①,report,private,가스 분야 개인정보 전송에 관한 고시 제정안에 관한 건,,parsed_from_schedule,0.88
7065,2026-01-28,deliberation_decision:01:1,1,①,deliberation_decision,public,공공기관의 개인정보보호 법규 위반행위에 대한 시정조치에 관한 건(2025조총0045),2025조총0045,parsed_from_schedule,0.88
7065,2026-01-28,deliberation_decision:02:2,2,②,deliberation_decision,public,개인정보보호 법규 위반행위에 대한 시정조치에 관한 건(2024조삼0008~2024조삼0025),"2024조삼0008,2024조삼0009,2024조삼0010,2024조삼0011,2024조삼0012,2024조삼0013,2024조삼0014,2024조삼0015,2024조삼0016,2024조삼0017,2024조삼0018,2024조삼0019,2024조삼0020,2024조삼0021,2024조삼0022,2024조삼0023,2024조삼0024,2024조삼0025",parsed_from_schedule,0.88
7065,2026-01-28,deliberation_decision:03:3,3,③,deliberation_decision,private,개인정보보호 법규 위반행위에 대한 시정조치에 관한 건(2025조이0052),2025조이0052,parsed_from_schedule,0.88
7065,2026-01-28,deliberation_decision:04:4,4,④,deliberation_decision,public,「국경 간 개인정보 보호 규칙 인증 제도의 운영에 관한 지침」 제정안에 관한 건,,parsed_from_schedule,0.88
7064,2026-01-14,report:01:1,1,①,report,public,2026년 개인정보 조사업무 추진 방향,,parsed_from_schedule,0.88
7064,2026-01-14,deliberation_decision:01:2,2,①,deliberation_decision,private,개인정보 보호조치에 대한 개선권고에 관한 건,,parsed_from_schedule,0.88
7064,2026-01-14,report:02:3,3,②,report,private,「디지털 포렌식 지원 및 증거 보관·관리 규정」 고시 제정안에 관한 건,,parsed_from_schedule,0.88
7064,2026-01-14,report:03:4,4,③,report,private,2025년 개인정보 처리방침 평가결과 보고,,parsed_from_schedule,0.88
7064,2026-01-14,deliberation_decision:02:5,5,②,deliberation_decision,public,「개인정보 보호법 시행령」 일부개정안에 관한 건,,parsed_from_schedule,0.88
7054,2025-12-10,deliberation_decision:01:1,1,①,deliberation_decision,private,개인정보 보호조치에 대한 개선권고에 관한 건,,parsed_from_schedule,0.88
7054,2025-12-10,deliberation_decision:02:2,2,②,deliberation_decision,private,개인정보보호 법규 위반행위에 대한 시정조치에 관한 건(2023조총0042 등 4건),2023조총0042,parsed_from_schedule,0.88
7054,2025-12-10,deliberation_decision:03:3,3,③,deliberation_decision,public,2026년 개인정보 보호 시행계획 수립에 관한 건,,parsed_from_schedule,0.88
7054,2025-12-10,report:01:4,4,①,report,public,2025년 상반기 시정조치 이행점검 결과에 관한 건,,parsed_from_schedule,0.88
7054,2025-12-10,report:02:5,5,②,report,public,가명정보 처리 가이드라인 개정에 관한 건,,parsed_from_schedule,0.88
7052,2025-12-03,deliberation_decision:01:1,1,①,deliberation_decision,private,개인정보 보호조치에 대한 개선권고에 관한 건(2025-조이-149-01),,parsed_from_schedule,0.88
7051,2025-11-26,deliberation_decision:01:1,1,①,deliberation_decision,public,개인정보보호 법규 위반행위에 대한 시정조치에 관한 건(2023조일0035 등 3건),2023조일0035,parsed_from_schedule,0.88
7051,2025-11-26,deliberation_decision:02:2,2,②,deliberation_decision,public,개인정보보호 법규 위반행위에 대한 시정조치에 관한 건(2024조이0080 등 2건),2024조이0080,parsed_from_schedule,0.88
7051,2025-11-26,report:01:3,3,①,report,public,공공기관 가명정보 제공 및 체계에 관한 규정 제정에 관한 건,,parsed_from_schedule,0.88
7044,2025-11-20,deliberation_decision:01:1,1,①,deliberation_decision,public,공공시스템 운영기관 실태점검 결과 및 시정조치에 관한 건,,parsed_from_schedule,0.88
7044,2025-11-20,deliberation_decision:02:2,2,②,deliberation_decision,private,개인정보보호 법규 위반행위에 대한 시정조치에 관한 건(2024조이0109 등 3건),2024조이0109,parsed_from_schedule,0.88
7044,2025-11-20,deliberation_decision:03:3,3,③,deliberation_decision,private,개인정보보호 법규 위반행위에 대한 시정조치에 관한 건(2024조이0092),2024조이0092,parsed_from_schedule,0.88
7044,2025-11-20,deliberation_decision:04:4,4,④,deliberation_decision,private,사전적정성 검토 결과에 관한 건,,parsed_from_schedule,0.88
7044,2025-11-20,report:01:5,5,①,report,private,에너지(전기) 분야 개인정보 전송에 관한 고시 제정안에 관한 건,,parsed_from_schedule,0.88
7043,2025-10-22,deliberation_decision:01:1,1,①,deliberation_decision,public,개인정보의 안전성 확보조치 기준 일부개정안에 관한 건,,parsed_from_schedule,0.88
7043,2025-10-22,report:01:2,2,①,report,public,가명정보 비조치의견서 제도 도입방안에 관한 건,,parsed_from_schedule,0.88
7043,2025-10-22,deliberation_decision:02:3,3,②,deliberation_decision,public,개인정보보호 법규 위반행위에 대한 시정조치에 관한 건(2024조일0008),2024조일0008,parsed_from_schedule,0.88
7043,2025-10-22,deliberation_decision:03:4,4,③,deliberation_decision,private,개인정보보호 법규 위반행위에 대한 시정조치에 관한 건(2025조이0034),2025조이0034,parsed_from_schedule,0.88
7042,2025-09-24,deliberation_decision:01:1,1,①,deliberation_decision,public,개인정보보호 법규 위반행위에 대한 시정조치에 관한 건(2024조일0003 등 2건),2024조일0003,parsed_from_schedule,0.88
7042,2025-09-24,report:01:2,2,①,report,public,국내대리인 지정 현황 점검 결과에 관한 건,,parsed_from_schedule,0.88
7042,2025-09-24,report:02:3,3,②,report,private,사전적정성 검토제 운영성과 및 주요 이행점검 결과에 관한 건,,parsed_from_schedule,0.88
7041,2025-09-10,deliberation_decision:01:1,1,①,deliberation_decision,public,택배 운송장 사전 실태점검 결과에 관한 건(2025조삼0001-01~23),2025조삼0001,parsed_from_schedule,0.88
7041,2025-09-10,deliberation_decision:02:2,2,②,deliberation_decision,public,개인정보보호 법규 위반행위에 대한 시정조치에 관한 건(2024조일0008),2024조일0008,parsed_from_schedule,0.88
7041,2025-09-10,deliberation_decision:03:3,3,③,deliberation_decision,public,개인정보보호 법규 위반행위에 대한 시정조치에 관한 건(2023조일0007),2023조일0007,parsed_from_schedule,0.88
7041,2025-09-10,deliberation_decision:04:4,4,④,deliberation_decision,private,중앙행정기관 현행법령 침해평가 이행상황 점검 및 지자체 조례 개인정보 침해요인 분석 결과에 관한 건,,parsed_from_schedule,0.88
7040,2025-09-03,deliberation_decision:01:1,1,①,deliberation_decision,private,유럽연합(EU)에 대한 동등성 인정에 관한 건,,parsed_from_schedule,0.88
7040,2025-09-03,report:01:2,2,①,report,private,개인정보 안전관리 체계 강화 방안에 관한 건,,parsed_from_schedule,0.88
7040,2025-09-03,deliberation_decision:02:3,3,②,deliberation_decision,public,가명정보의 결합 및 반출 등에 관한 고시 일부개정에 관한 건,,parsed_from_schedule,0.88
7040,2025-09-03,deliberation_decision:03:4,4,③,deliberation_decision,public,개인정보 영향평가에 관한 고시 일부개정에 관한 건,,parsed_from_schedule,0.88
7039,2025-08-27,deliberation_decision:01:1,1,①,deliberation_decision,private,개인정보보호 법규 위반행위에 대한 시정조치에 관한 건(2025조이0056),2025조이0056,parsed_from_schedule,0.88
7039,2025-08-27,deliberation_decision:02:2,2,②,deliberation_decision,private,개인정보 보호법 시행령 일부개정안에 관한 건,,parsed_from_schedule,0.88
7036,2025-08-22,deliberation_decision:01:1,1,①,deliberation_decision,private,개인정보 보호위원회 운영에 관한 건,,parsed_from_schedule,0.88
7033,2025-07-23,deliberation_decision:01:1,1,①,deliberation_decision,public,개인정보보호 법규 위반행위에 대한 시정조치에 관한 건(2024조일0043 등 3건),2024조일0043,parsed_from_schedule,0.88
7033,2025-07-23,deliberation_decision:02:2,2,②,deliberation_decision,public,"공공기관 및 비영리법인의 개인정보보호 법규 위반행위에 대한 시정조치에 관한 건(2023조총0049, 0051)","2023조총0049,2023조총0051",parsed_from_schedule,0.88
7033,2025-07-23,deliberation_decision:03:3,3,③,deliberation_decision,public,슈퍼앱 등 주요 앱 사전 실태점검 결과에 관한 건(2024조삼0001-01~05),2024조삼0001,parsed_from_schedule,0.88
7033,2025-07-23,deliberation_decision:04:4,4,④,deliberation_decision,private,개인정보관리 전문기관 지정요건 세부기준 일부에 대한 심사 생략에 관한 건,,parsed_from_schedule,0.88
7033,2025-07-23,report:01:5,5,①,report,private,보건의료 분야 개인정보 전송에 관한 고시 개정안에 관한 건,,parsed_from_schedule,0.88
7033,2025-07-23,report:02:6,6,②,report,private,생성형 인공지능(AI) 개발.활용을 위한 개인정보 처리 안내서에 관한 건,,parsed_from_schedule,0.88
7030,2025-07-09,deliberation_decision:01:1,1,①,deliberation_decision,public,"개인정보보호 법규 위반행위에 대한 시정조치에 관한 건(2025조이0032, 2024조이0090)","2025조이0032,2024조이0090",parsed_from_schedule,0.88
7030,2025-07-09,deliberation_decision:02:2,2,②,deliberation_decision,public,개인정보보호 법규 위반행위에 대한 시정조치에 관한 건(2025조이0053),2025조이0053,parsed_from_schedule,0.88
7030,2025-07-09,deliberation_decision:03:3,3,③,deliberation_decision,public,"개인정보보호 법규 위반행위에 대한 시정조치에 관한 건(2023조이0008, 2024조이0066, 2024조이0067, 2024조이0050)","2023조이0008,2024조이0066,2024조이0067,2024조이0050",parsed_from_schedule,0.88
7030,2025-07-09,deliberation_decision:04:4,4,④,deliberation_decision,private,사전적정성 검토 결과에 관한 건,,parsed_from_schedule,0.88
7026,2025-06-25,deliberation_decision:01:1,1,①,deliberation_decision,public,"개인정보보호 법규 위반행위에 대한 시정조치에 관한 건(2023조일0021, 2024조일0027)","2023조일0021,2024조일0027",parsed_from_schedule,0.88
7026,2025-06-25,deliberation_decision:02:2,2,②,deliberation_decision,public,개인정보 보호법 위반에 대한 공표 및 공표명령 지침 일부개정안에 관한 건,,parsed_from_schedule,0.88
7026,2025-06-25,report:01:3,3,①,report,public,국경 간 개인정보 보호 규칙 인증에 관한 기준 제정안에 관한 건,,parsed_from_schedule,0.88
7026,2025-06-25,report:02:4,4,②,report,private,개인정보 처리 통합 안내서(안)에 관한 건,,parsed_from_schedule,0.88
7026,2025-06-25,deliberation_decision:03:5,5,③,deliberation_decision,private,개인정보관리 전문기관 지정요건 세부기준 일부에 대한 심사 생략에 관한 건,,parsed_from_schedule,0.88
7024,2025-06-11,deliberation_decision:01:1,1,①,deliberation_decision,public,클라우드 분야 사전 실태점검 결과에 관한 건(2024조삼0004-01~03),2024조삼0004,parsed_from_schedule,0.88
7024,2025-06-11,deliberation_decision:02:2,2,②,deliberation_decision,public,"개인정보보호 법규 위반행위에 대한 시정조치에 관한 건(2024조이0010, 2023조이0055-01, 02)","2024조이0010,2023조이0055",parsed_from_schedule,0.88
7024,2025-06-11,deliberation_decision:03:3,3,③,deliberation_decision,public,2025년 개인정보 처리방침 평가계획(안)에 관한 건,,parsed_from_schedule,0.88
7024,2025-06-11,deliberation_decision:04:4,4,④,deliberation_decision,private,"공공기관의 개인정보보호 법규 위반행위에 대한 시정조치에 관한 건(2024조총0059, 0067)","2024조총0059,2024조총0067",parsed_from_schedule,0.88
7024,2025-06-11,report:01:5,5,①,report,private,개인정보 보호법 시행령 일부개정안에 관한 건,,parsed_from_schedule,0.88
7021,2025-05-28,deliberation_decision:01:1,1,①,deliberation_decision,private,사전적정성 검토 결과에 관한 건,,parsed_from_schedule,0.88
7021,2025-05-28,report:01:2,2,①,report,private,공공기관 개인정보보호 제도개선 방안에 관한 건,,parsed_from_schedule,0.88
7021,2025-05-28,report:02:3,3,②,report,private,2025년 공공기관 개인정보 보호수준 평가 추진계획 보고,,parsed_from_schedule,0.88
7021,2025-05-28,report:03:4,4,③,report,private,개인정보 영향평가에 관한 고시 일부개정에 관한 건,,parsed_from_schedule,0.88
7018,2025-05-14,deliberation_decision:01:1,1,①,deliberation_decision,public,"AI 디지털교과서 사전 실태점검 결과에 관한 건(2025조삼0001-01, 02)",2025조삼0001,parsed_from_schedule,0.88
7018,2025-05-14,deliberation_decision:02:2,2,②,deliberation_decision,public,개인정보보호 자율규제단체 지정 등에 관한 규정 일부개정에 관한 건,,parsed_from_schedule,0.88
7018,2025-05-14,deliberation_decision:03:3,3,③,deliberation_decision,private,사전적정성 검토 결과에 관한 건,,parsed_from_schedule,0.88
7018,2025-05-14,deliberation_decision:04:4,4,④,deliberation_decision,private,"개인정보보호 법규 위반행위에 대한 시정조치에 관한 건(2025조총0020, 0021, 0025)","2025조총0020,2025조총0021,2025조총0025",parsed_from_schedule,0.88
7018,2025-05-14,report:01:5,5,①,report,private,개인정보 처리방침 평가 추진 방향 및 평가대상 선정(안),,parsed_from_schedule,0.88
7018,2025-05-14,report:02:6,6,②,report,private,개인정보 보호법 시행령 일부개정안에 관한 건,,parsed_from_schedule,0.88
7018,2025-05-14,report:03:7,7,③,report,private,SKT 개인정보 유출 통지 등 의결(5.2.)에 따른 결과 보고,,parsed_from_schedule,0.88
7018,2025-05-14,deliberation_decision:05:8,8,⑤,deliberation_decision,private,"개인정보보호 법규 위반행위에 대한 시정조치에 관한 건(2024조일0013, 2025조일0025)","2024조일0013,2025조일0025",parsed_from_schedule,0.88
7014,2025-05-02,deliberation_decision:01:1,1,①,deliberation_decision,private,개인정보 보호조치에 대한 개선권고에 관한 건,,parsed_from_schedule,0.88
7012,2025-04-23,report:01:1,1,①,report,public,2024년 하반기 시정조치 이행점검 결과에 관한 건,,parsed_from_schedule,0.88
7012,2025-04-23,deliberation_decision:01:2,2,①,deliberation_decision,private,DeepSeek 서비스 사전 실태점검 결과에 관한 건,,parsed_from_schedule,0.88
7012,2025-04-23,report:02:3,3,②,report,private,2024년 공공기관 개인정보 보호수준 평가 결과 보고,,parsed_from_schedule,0.88
7010,2025-04-09,report:01:1,1,①,report,public,(전 분야 마이데이터) 개인정보 전송요구권 제도 안내서에 관한 건,,parsed_from_schedule,0.88
7010,2025-04-09,deliberation_decision:01:2,2,①,deliberation_decision,public,개인정보 보호위원회 운영규칙 개정에 관한 건,,parsed_from_schedule,0.88
7010,2025-04-09,deliberation_decision:02:3,3,②,deliberation_decision,public,개인정보 보호위원회 안내서 운영 지침(예규) 제정안에 관한 건,,parsed_from_schedule,0.88
7010,2025-04-09,deliberation_decision:03:4,4,③,deliberation_decision,private,"개인정보보호 법규 위반행위에 대한 시정조치에 관한 건(2024조이0081, 2023조이0014)","2024조이0081,2023조이0014",parsed_from_schedule,0.88
7010,2025-04-09,report:02:5,5,②,report,private,인공지능(AI) 시대에 대응한 개인정보 보호법 개정 추진방향에 관한 건,,parsed_from_schedule,0.88
7006,2025-03-26,report:01:1,1,①,report,public,개인정보의 안전성 확보조치 기준 일부개정에 관한 건,,parsed_from_schedule,0.88
7006,2025-03-26,report:02:2,2,②,report,public,개인정보 손해배상책임 보장제도 합리화 방안(안),,parsed_from_schedule,0.88
7006,2025-03-26,deliberation_decision:01:3,3,①,deliberation_decision,public,개인정보 보호위원회 소관 고시(2건) 재검토 기한 설정 등에 관한 건,,parsed_from_schedule,0.88
7006,2025-03-26,deliberation_decision:02:4,4,②,deliberation_decision,private,개인정보보호 법규 위반행위에 대한 시정조치에 관한 건(2024조일0034),2024조일0034,parsed_from_schedule,0.88
7006,2025-03-26,report:03:5,5,③,report,private,AI 시대 신뢰기반의 데이터 활용 혁신을 위한 가명정보 제도.운영 개선방안에 관한 건,,parsed_from_schedule,0.88
7003,2025-03-12,deliberation_decision:01:1,1,①,deliberation_decision,public,개인정보보호 법규 위반행위에 대한 시정조치에 관한 건(2024조이0079),2024조이0079,parsed_from_schedule,0.88
7003,2025-03-12,deliberation_decision:02:2,2,②,deliberation_decision,private,사전적정성 검토 결과에 관한 건,,parsed_from_schedule,0.88
7003,2025-03-12,report:01:3,3,①,report,public,2025년 자율규제 운영계획에 관한 건,,parsed_from_schedule,0.88
7003,2025-03-12,report:02:4,4,②,report,public,AI.데이터 관련 고위급 라운드테이블 개최 결과 보고,,parsed_from_schedule,0.88
7002,2025-03-07,deliberation_decision:01:1,1,-,deliberation_decision,public,보건의료 분야 개인정보 전송 요구 대상 정보 지정 및 보건의료 분야 개인정보 전송에 관한 고시 제정안에 관한 건,,parsed_from_schedule,0.88
6999,2025-02-26,deliberation_decision:01:1,1,①,deliberation_decision,public,개인정보 전송 및 개인정보관리 전문기관 지정 등에 관한 고시 제정안에 관한 건,,parsed_from_schedule,0.88
6999,2025-02-26,deliberation_decision:02:2,2,②,deliberation_decision,public,통신 분야 개인정보 전송에 관한 고시 제정안에 관한 건,,parsed_from_schedule,0.88
6999,2025-02-26,deliberation_decision:03:3,3,③,deliberation_decision,public,"개인정보보호 법규 위반행위에 대한 시정조치에 관한 건(2023조이0128, 2023조삼0046)","2023조이0128,2023조삼0046",parsed_from_schedule,0.88
6999,2025-02-26,deliberation_decision:04:4,4,④,deliberation_decision,private,사전적정성 검토 결과에 관한 건,,parsed_from_schedule,0.88
6999,2025-02-26,report:01:5,5,①,report,private,2024년 개인정보 처리방침 평가 결과 보고,,parsed_from_schedule,0.88
6996,2025-02-12,deliberation_decision:01:1,1,①,deliberation_decision,public,"개인정보보호 법규 위반행위에 대한 시정조치에 관한 건(2023조이0062, 2023조이0131)","2023조이0062,2023조이0131",parsed_from_schedule,0.88
6996,2025-02-12,report:01:2,2,①,report,public,브라우저 이용자 안전조치 강화에 관한 건,,parsed_from_schedule,0.88
6996,2025-02-12,deliberation_decision:02:3,3,②,deliberation_decision,public,소셜로그인 분야 개인정보 보호조치 개선권고에 관한 건(2024조삼0003-01~2024조삼0003-05),2024조삼0003,parsed_from_schedule,0.88
6994,2025-01-22,deliberation_decision:01:1,1,①,deliberation_decision,private,개인정보보호 법규 위반행위에 대한 시정조치에 관한 건(2024조삼0005 등 3건),2024조삼0005,parsed_from_schedule,0.88
6994,2025-01-22,deliberation_decision:02:2,2,②,deliberation_decision,private,사전적정성 검토 결과에 관한 건,,parsed_from_schedule,0.88
6994,2025-01-22,deliberation_decision:03:3,3,③,deliberation_decision,private,개인정보보호 법규 위반행위에 대한 시정조치에 관한 건(2023조이0130 등 2건),2023조이0130,parsed_from_schedule,0.88
6994,2025-01-22,report:01:4,4,①,report,public,2025년 개인정보 조사업무 추진 방향,,parsed_from_schedule,0.88
6990,2025-01-08,deliberation_decision:01:1,1,①,deliberation_decision,public,공공기관의 개인정보보호 법규 위반행위에 대한 시정조치에 관한 건(2023조총0053),2023조총0053,parsed_from_schedule,0.88
6990,2025-01-08,deliberation_decision:02:2,2,②,deliberation_decision,private,개인정보보호 법규 위반행위에 대한 시정조치에 관한 건(2024조삼0005 등 3건),2024조삼0005,parsed_from_schedule,0.88
6987,2024-12-11,deliberation_decision:01:1,1,①,deliberation_decision,private,개인정보보호 법규 위반행위에 대한 시정조치에 관한 건(202308조일0074~0085),,parsed_from_schedule,0.88
6987,2024-12-11,deliberation_decision:02:2,2,②,deliberation_decision,public,2025년 개인정보보호 시행계획 수립에 관한 건,,parsed_from_schedule,0.88
6987,2024-12-11,report:01:3,3,①,report,private,통신 분야 개인정보 전송에 관한 고시 제정안에 관한 건,,parsed_from_schedule,0.88
6987,2024-12-11,report:02:4,4,②,report,private,안전한 인공지능(AI).데이터 활용을 위한 AI 프라이버시 리스크 관리 모델에 관한 건,,parsed_from_schedule,0.88
6987,2024-12-11,report:03:5,5,③,report,private,데이터의 안전한 활용을 위한 합성데이터 생성.활용 안내서에 관한 건,,parsed_from_schedule,0.88
6983,2024-11-27,report:01:1,1,①,report,public,위원회 가이드라인·안내서 등 통합 정비 추진에 관한 건,,parsed_from_schedule,0.88
6983,2024-11-27,deliberation_decision:01:2,2,①,deliberation_decision,private,개인정보보호 법규 위반행위에 대한 시정조치에 관한 건(2021조이0163 등 3건),2021조이0163,parsed_from_schedule,0.88
6981,2024-11-13,deliberation_decision:01:1,1,①,deliberation_decision,public,공공기관의 개인정보보호 법규 위반행위에 대한 시정조치에 관한 건(2024조총0010 등 2건),2024조총0010,parsed_from_schedule,0.88
6981,2024-11-13,deliberation_decision:02:2,2,②,deliberation_decision,private,개인정보보호 법규 위반행위에 대한 시정조치에 관한 건(2021조이0163 등 3건),2021조이0163,parsed_from_schedule,0.88
6981,2024-11-13,report:01:3,3,①,report,private,온라인쇼핑(셀러툴) 분야 자율규약 2차 이행점검 결과에 관한 건,,parsed_from_schedule,0.88
6975,2024-11-04,deliberation_decision:01:1,1,①,deliberation_decision,public,"개인정보보호 법규 위반행위에 대한 시정조치에 관한 건(2023조이0115, 2023조이0035)","2023조이0115,2023조이0035",parsed_from_schedule,0.88
6975,2024-11-04,deliberation_decision:02:2,2,②,deliberation_decision,public,개인정보보호 법규 위반행위에 대한 시정조치에 관한 건(2020조일0042),2020조일0042,parsed_from_schedule,0.88
6975,2024-11-04,report:01:3,3,①,report,private,HR 채용 플랫폼 분야 자율규약 이행점검 결과에 관한 건,,parsed_from_schedule,0.88
6979,2024-10-23,deliberation_decision:01:1,1,①,deliberation_decision,public,개인정보 영향평가에 관한 고시 일부개정안에 관한 건,,parsed_from_schedule,0.88
6979,2024-10-23,deliberation_decision:02:2,2,②,deliberation_decision,public,"개인정보보호 법규 위반행위에 대한 시정조치에 관한 건(2024조이0011, 2024조이0008)","2024조이0011,2024조이0008",parsed_from_schedule,0.88
6979,2024-10-23,deliberation_decision:03:3,3,③,deliberation_decision,private,「사전적정성 검토」 결과에 관한 건,,parsed_from_schedule,0.88
6979,2024-10-23,report:01:4,4,①,report,private,개인정보 노출.불법유통 대응 강화 방안에 관한 건,,parsed_from_schedule,0.88
6979,2024-10-23,report:02:5,5,②,report,private,개인정보의 안전성 확보조치 기준 안내서에 관한 건,,parsed_from_schedule,0.88
6979,2024-10-23,report:03:6,6,③,report,private,보건의료 분야 정보전송자 및 전송 요구 정보에 관한 고시 제정안에 관한 건,,parsed_from_schedule,0.88
6974,2024-09-25,deliberation_decision:01:1,1,①,deliberation_decision,private,"개인정보보호 법규 위반행위에 대한 시정조치에 관한 건(2024조총0003, 2023조이0078)","2024조총0003,2023조이0078",parsed_from_schedule,0.88
6974,2024-09-25,deliberation_decision:02:2,2,②,deliberation_decision,private,개인정보보호 법규 위반행위에 대한 시정조치에 관한 건(2024조일0012),2024조일0012,parsed_from_schedule,0.88
6974,2024-09-25,deliberation_decision:03:3,3,③,deliberation_decision,private,「사전적정성 검토」 결과에 관한 건,,parsed_from_schedule,0.88
6974,2024-09-25,report:01:4,4,①,report,private,「이동형 영상정보처리기기를 위한 개인영상정보 보호·활용 안내서｣에 관한 건,,parsed_from_schedule,0.88
6974,2024-09-25,report:02:5,5,②,report,private,「개인정보 전송방법 및 개인정보관리 전문기관 지정 등에 관한 고시」 제정안에 관한 건,,parsed_from_schedule,0.88
6974,2024-09-25,report:03:6,6,③,report,public,‘24년 상반기 시정명령 등의 이행점검 결과에 관한 건,,parsed_from_schedule,0.88
6974,2024-09-25,report:04:7,7,④,report,public,「자동화된 결정에 대한 정보주체의 권리」 안내서에 관한 건,,parsed_from_schedule,0.88
6969,2024-09-11,deliberation_decision:01:1,1,①,deliberation_decision,public,공공기관(공공시스템운영기관) 실태점검 결과 및 개선권고에 관한 건,,parsed_from_schedule,0.88
6969,2024-09-11,deliberation_decision:02:2,2,②,deliberation_decision,public,자동화된 결정에 대한 개인정보처리자의 조치 기준 고시 제정안에 관한 건,,parsed_from_schedule,0.88
6969,2024-09-11,deliberation_decision:03:3,3,③,deliberation_decision,private,사전적정성 검토 결과에 관한 건,,parsed_from_schedule,0.88
6969,2024-09-11,report:01:4,4,①,report,private,개인정보처리시스템에 대한 '인터넷망 차단조치 제도 개선(안)'에 관한 건,,parsed_from_schedule,0.88
6967,2024-08-28,deliberation_decision:01:1,1,①,deliberation_decision,public,개인정보 보호법 시행령 일부개정안에 관한 건,,parsed_from_schedule,0.88
6967,2024-08-28,deliberation_decision:02:2,2,②,deliberation_decision,public,개인정보보호 법규 위반행위에 대한 시정조치에 관한 건(2023조이0124 등 4건),2023조이0124,parsed_from_schedule,0.88
6967,2024-08-28,report:01:3,3,①,report,private,온라인쇼핑(중개) 분야 자율규약 2차 이행점검 결과에 관한 건,,parsed_from_schedule,0.88
6963,2024-07-24,deliberation_decision:01:1,1,-,deliberation_decision,private,개인정보보호 법규 위반행위에 대한 시정조치에 관한 건(2024조일0013),2024조일0013,parsed_from_schedule,0.88
6960,2024-07-10,deliberation_decision:01:1,1,-,deliberation_decision,public,정보보호 및 개인정보보호 관리체계 인증 등에 관한 고시 일부개정안에 관한 건,,parsed_from_schedule,0.88
6956,2024-06-26,deliberation_decision:01:1,1,①,deliberation_decision,public,개인정보보호 법규 위반행위에 대한 시정조치에 관한 건(2019조일0009),2019조일0009,parsed_from_schedule,0.88
6956,2024-06-26,deliberation_decision:02:2,2,②,deliberation_decision,public,개인정보보호 법규 위반행위에 대한 시정조치에 관한 건(2023조이0130 등 2건),2023조이0130,parsed_from_schedule,0.88
6956,2024-06-26,deliberation_decision:03:3,3,③,deliberation_decision,private,사전적정성 검토 결과에 관한 건,,parsed_from_schedule,0.88
6956,2024-06-26,report:01:4,4,-,report,private,주문·배달 플랫폼 부문 자율규약 이행점검 결과에 관한 건,,parsed_from_schedule,0.88
6954,2024-06-12,deliberation_decision:01:1,1,①,deliberation_decision,public,'24년 개인정보 처리방침 평가계획(안)에 관한 건,,parsed_from_schedule,0.88
6954,2024-06-12,deliberation_decision:02:2,2,②,deliberation_decision,public,개인정보보호 법규 위반행위에 대한 시정조치에 관한 건(2023조삼0032),2023조삼0032,parsed_from_schedule,0.88
6954,2024-06-12,deliberation_decision:03:3,3,③,deliberation_decision,private,주요 인공지능(AI) 서비스 사전 실태점검 결과에 관한 건,,parsed_from_schedule,0.88
6951,2024-05-22,deliberation_decision:01:1,1,①,deliberation_decision,private,개인정보보호 법규 위반행위에 대한 시정조치에 관한 건(2023조이0023),2023조이0023,parsed_from_schedule,0.88
6951,2024-05-22,report:01:2,2,①,report,private,개인정보 처리방침 평가 추진 방향 및 평가대상 선정(안),,parsed_from_schedule,0.88
6947,2024-05-08,deliberation_decision:01:1,1,①,deliberation_decision,public,개인정보보호 법규 위반행위에 대한 시정조치에 관한 건(2023조일0116),2023조일0116,parsed_from_schedule,0.88
6947,2024-05-08,report:01:2,2,①,report,private,AI 개발·서비스를 위한 공개된 개인정보 활용 가이드라인(안)에 관한 건,,parsed_from_schedule,0.88
6944,2024-04-24,deliberation_decision:01:1,1,①,deliberation_decision,public,공공기관의 개인정보보호 법규 위반행위에 대한 시정조치에 관한 건(2021조총0072 등 2건),2021조총0072,parsed_from_schedule,0.88
6944,2024-04-24,deliberation_decision:02:2,2,②,deliberation_decision,public,개인정보보호 법규 위반행위에 대한 시정조치에 관한 건(2023조이0013 등 5건),2023조이0013,parsed_from_schedule,0.88
6944,2024-04-24,report:01:3,3,①,report,private,「자동화된 결정에 대한 개인정보처리자의 조치 기준」 고시 제정안에 관한 건,,parsed_from_schedule,0.88
6944,2024-04-24,report:02:4,4,②,report,private,2024년 공공기관 개인정보 보호수준 평가계획 보고,,parsed_from_schedule,0.88
6940,2024-03-27,deliberation_decision:01:1,1,①,deliberation_decision,public,개인정보보호 법규 위반행위에 대한 시정조치에 관한 건(2024조이0016 등 2건),2024조이0016,parsed_from_schedule,0.88
6940,2024-03-27,deliberation_decision:02:2,2,②,deliberation_decision,public,「개인정보 보호위원회 운영규칙」 일부개정안에 관한 건,,parsed_from_schedule,0.88
6940,2024-03-27,deliberation_decision:03:3,3,③,deliberation_decision,public,「개인정보 영향평가에 관한 고시」 일부개정안에 관한 건,,parsed_from_schedule,0.88
6940,2024-03-27,deliberation_decision:04:4,4,④,deliberation_decision,public,「개인정보 보호책임자 경력 인정에 관한 고시」 제정안에 관한 건,,parsed_from_schedule,0.88
6940,2024-03-27,deliberation_decision:05:5,5,⑤,deliberation_decision,public,「개인정보보호위원회 사전적정성 검토제 운영규정」 제정안에 관한 건,,parsed_from_schedule,0.88
6940,2024-03-27,deliberation_decision:06:6,6,⑥,deliberation_decision,private,인공지능 서비스 사전 실태점검 결과에 관한 건(2023조일0096-01～06),2023조일0096,parsed_from_schedule,0.88
6940,2024-03-27,deliberation_decision:07:7,7,⑦,deliberation_decision,private,「사전적정성 검토」 결과에 관한 건,,parsed_from_schedule,0.88
6940,2024-03-27,report:01:8,8,①,report,private,온라인플랫폼 분야 민관협력 자율규제 셀러툴 부문 자율규약 참여사업자 추가에 관한 건,,parsed_from_schedule,0.88
6940,2024-03-27,report:02:9,9,②,report,private,2023년 공공기관 개인정보 관리수준 진단 결과 보고,,parsed_from_schedule,0.88
6940,2024-03-27,report:03:10,10,③,report,private,「개인정보 보호법 시행령」 일부개정안에 관한 사항,,parsed_from_schedule,0.88
6938,2024-03-13,deliberation_decision:01:1,1,①,deliberation_decision,public,개인정보보호 법규 위반행위에 대한 시정조치에 관한 건(2023조이0012 등 3건),2023조이0012,parsed_from_schedule,0.88
6938,2024-03-13,report:01:2,2,①,report,public,개인정보 보호법 제18조 제2항 제2호 해석기준,,parsed_from_schedule,0.88
6938,2024-03-13,report:02:3,3,②,report,private,「해외사업자의 개인정보 보호법 적용 안내서」 제정에 관한 건,,parsed_from_schedule,0.88
6934,2024-02-28,deliberation_decision:01:1,1,①,deliberation_decision,public,「개인정보 보호수준 평가에 관한 고시」 제정에 관한 건,,parsed_from_schedule,0.88
6934,2024-02-28,deliberation_decision:02:2,2,②,deliberation_decision,private,개인정보보호 법규 위반행위에 대한 시정조치 등에 관한 건,,parsed_from_schedule,0.88
6934,2024-02-28,report:01:3,3,①,report,public,가명정보 결합전문기관 지정심사 결과,,parsed_from_schedule,0.88
6934,2024-02-28,report:02:4,4,②,report,private,「개인정보보호위원회 사전적정성 검토제 운영규정」 제정안에 관한 건,,parsed_from_schedule,0.88
6934,2024-02-28,report:03:5,5,③,report,private,EU에 대한 동등성 인정 검토 계획에 관한 건,,parsed_from_schedule,0.88
6930,2024-02-14,deliberation_decision:01:1,1,①,deliberation_decision,public,「개인정보 보호법 시행령」 일부개정안에 관한 건,,parsed_from_schedule,0.88
6930,2024-02-14,deliberation_decision:02:2,2,②,deliberation_decision,public,「개인정보 처리방침 평가에 관한 고시」 제정에 관한 건,,parsed_from_schedule,0.88
6930,2024-02-14,deliberation_decision:03:3,3,③,deliberation_decision,public,개인정보보호 법규 위반행위에 대한 시정조치에 관한 건(2023조일0051 등 2건),2023조일0051,parsed_from_schedule,0.88
6930,2024-02-14,deliberation_decision:04:4,4,④,deliberation_decision,public,공공기관의 개인정보보호 법규 위반행위에 대한 시정조치에 관한 건(2023조총0055 등 10건),2023조총0055,parsed_from_schedule,0.88
6930,2024-02-14,report:01:5,5,-,report,private,2024년 개인정보보호 조사업무 추진방향,,parsed_from_schedule,0.88
6927,2024-01-24,deliberation_decision:01:1,1,①,deliberation_decision,public,공공기관의 개인정보보호 법규 위반행위에 대한 시정조치에 관한 건(2023조총0027 등 2건),2023조총0027,parsed_from_schedule,0.88
6927,2024-01-24,deliberation_decision:02:2,2,②,deliberation_decision,public,개인정보보호 법규 위반행위에 대한 시정조치에 관한 건(2022조일0047 등 15건),2022조일0047,parsed_from_schedule,0.88
6927,2024-01-24,deliberation_decision:03:3,3,③,deliberation_decision,public,「사전적정성 검토」 결과에 관한 건,,parsed_from_schedule,0.88
6927,2024-01-24,deliberation_decision:04:4,4,④,deliberation_decision,public,「가명정보의 결합 및 반출 등에 관한 고시」 일부 개정에 관한 건,,parsed_from_schedule,0.88
6927,2024-01-24,report:01:5,5,-,report,public,「가명정보 처리 가이드라인」 개정에 관한 건,,parsed_from_schedule,0.88
6920,2024-01-10,deliberation_decision:01:1,1,①,deliberation_decision,public,전자의무기록 관련 개인정보 보호조치 개선권고에 관한 건(2023조삼0025 등 6건),2023조삼0025,parsed_from_schedule,0.88
6920,2024-01-10,deliberation_decision:02:2,2,②,deliberation_decision,public,2023년 제13회 위원회 후속 조치에 관한 건,,parsed_from_schedule,0.88
6920,2024-01-10,deliberation_decision:03:3,3,③,deliberation_decision,public,영상정보처리기기 설치·운영 관련 개인정보보호 법규 위반행위에 대한 건(2023조일0069 등 2건),2023조일0069,parsed_from_schedule,0.88
6920,2024-01-10,report:01:4,4,①,report,public,주요 정보통신서비스(모바일 앱) 개인정보 처리 실태점검 결과,,parsed_from_schedule,0.88
6920,2024-01-10,report:02:5,5,②,report,public,고정형 영상정보처리기기 설치·운영 가이드라인 개정에 관한 건,,parsed_from_schedule,0.88
6920,2024-01-10,report:03:6,6,③,report,private,개인정보 보호책임자 경력 인정에 관한 고시 제정안에 관한 건,,parsed_from_schedule,0.88
6918,2023-12-27,deliberation_decision:01:1,1,①,deliberation_decision,public,공공기관 사전 실태점검 결과 등에 대한 시정권고 및 개선권고에 관한 건,,parsed_from_schedule,0.88
6918,2023-12-27,deliberation_decision:02:2,2,②,deliberation_decision,public,'24년 개인정보보호 시행계획 수립에 관한 건,,parsed_from_schedule,0.88
6918,2023-12-27,deliberation_decision:03:3,3,③,deliberation_decision,public,표준 개인정보 보호지침 일부개정안에 관한 건,,parsed_from_schedule,0.88
6918,2023-12-27,report:01:4,4,①,report,public,개인정보보호 가이드라인(공공기관 편) 제정에 관한 건,,parsed_from_schedule,0.88
6918,2023-12-27,report:02:5,5,②,report,private,맞춤형 광고에 활용되는 온라인 행태정보 보호를 위한 정책 방안에 관한 건,,parsed_from_schedule,0.88
6916,2023-12-13,deliberation_decision:01:1,1,①,deliberation_decision,public,개인정보보호 법규 위반행위에 대한 시정조치에 관한 건(2023조이0057 등 3건),2023조이0057,parsed_from_schedule,0.88
6916,2023-12-13,deliberation_decision:02:2,2,②,deliberation_decision,private,사전적정성 검토 결과에 관한 건,,parsed_from_schedule,0.88
6916,2023-12-13,deliberation_decision:03:3,3,③,deliberation_decision,private,국토교통부의 부동산 실거래가 정보 공개 확대를 위한 법령해석 요청에 관한 건,,parsed_from_schedule,0.88
6916,2023-12-13,report:01:4,4,-,report,private,개인정보 보호수준 평가에 관한 고시 제정안에 관한 건,,parsed_from_schedule,0.88
6914,2023-11-22,deliberation_decision:01:1,1,①,deliberation_decision,public,개인정보보호 법규 위반행위에 대한 시정조치에 관한 건(2023조삼0011 등 2건),2023조삼0011,parsed_from_schedule,0.88
6914,2023-11-22,deliberation_decision:02:2,2,②,deliberation_decision,public,개인정보보호 법규 위반행위에 대한 시정조치에 관한 건(2021조이0095 등 2건),2021조이0095,parsed_from_schedule,0.88
6914,2023-11-22,deliberation_decision:03:3,3,③,deliberation_decision,public,개인정보보호 법규 위반행위에 대한 시정조치에 관한 건(202306조일0058),,parsed_from_schedule,0.88
6908,2023-11-08,deliberation_decision:01:1,1,①,deliberation_decision,public,경기도의 청년기본소득 지급 및 안내를 위한 행정안전부 보유 개인정보 제공 요청에 관한 건,,parsed_from_schedule,0.88
6908,2023-11-08,deliberation_decision:02:2,2,②,deliberation_decision,public,공공기관의 개인정보보호 법규 위반행위에 대한 시정조치에 관한 건(2023조총0017 등 3건),2023조총0017,parsed_from_schedule,0.88
6908,2023-11-08,report:01:3,3,①,report,public,숙박 및 병.의원 예약.접수 분야 개인정보 처리현황 분석결과 및 향후계획에 관한 건,,parsed_from_schedule,0.88
6908,2023-11-08,report:02:4,4,②,report,public,온라인플랫폼 개인정보보호 강화를 위한 민관협력 자율규제 추진경과 및 향후계획에 관한 건,,parsed_from_schedule,0.88
6908,2023-11-08,report:03:5,5,③,report,private,개인정보 보호법 시행령 일부개정안에 관한 사항,,parsed_from_schedule,0.88
6908,2023-11-08,report:04:6,6,④,report,private,가명정보의 결합 및 반출 등에 관한 고시 일부개정에 관한 건,,parsed_from_schedule,0.88
6906,2023-10-25,deliberation_decision:01:1,1,①,deliberation_decision,public,개인정보보호 법규 위반행위에 대한 시정조치에 관한 건(2023조일0035),2023조일0035,parsed_from_schedule,0.88
6906,2023-10-25,deliberation_decision:02:2,2,②,deliberation_decision,public,개인정보보호 법규 위반행위에 대한 시정조치에 관한 건(2022조일0046 등 22건),2022조일0046,parsed_from_schedule,0.88
6906,2023-10-25,deliberation_decision:03:3,3,③,deliberation_decision,public,정보통신서비스 제공자의 개인정보보호 법규 위반행위에 대한 시정조치에 관한 건(2023조이0020 등 3건),2023조이0020,parsed_from_schedule,0.88
6905,2023-10-11,deliberation_decision:01:1,1,①,deliberation_decision,public,「개인정보 보호위원회의 조사 및 처분에 관한 규정」 일부개정안에 관한 건,,parsed_from_schedule,0.88
6905,2023-10-11,deliberation_decision:02:2,2,②,deliberation_decision,public,「개인정보 보호법 위반에 대한 공표 및 공표명령 지침」 제정안 등에 관한 건,,parsed_from_schedule,0.88
6905,2023-10-11,deliberation_decision:03:3,3,③,deliberation_decision,public,공공기관의 개인정보보호 법규 위반행위에 대한 시정조치에 관한 건(2022조총0066 등 6건),2022조총0066,parsed_from_schedule,0.88
6905,2023-10-11,deliberation_decision:04:4,4,④,deliberation_decision,public,국내대리인 운영 실태점검 결과 및 시정조치에 관한 건,,parsed_from_schedule,0.88
6905,2023-10-11,deliberation_decision:05:5,5,⑤,deliberation_decision,public,정보통신서비스 제공자의 개인정보보호 법규 위반행위에 대한 시정조치에 관한 건(2022조이0070 등 3건),2022조이0070,parsed_from_schedule,0.88
6905,2023-10-11,deliberation_decision:06:6,6,⑥,deliberation_decision,public,「개인정보 국외 이전 운영 등에 관한 규정」 제정안에 관한 건,,parsed_from_schedule,0.88
6905,2023-10-11,deliberation_decision:07:7,7,⑦,deliberation_decision,public,「개인정보 처리 방법에 관한 고시」 일부개정안에 관한 건,,parsed_from_schedule,0.88
6905,2023-10-11,deliberation_decision:08:8,8,⑧,deliberation_decision,public,「(개인정보 보호위원회) 개인정보 영향평가에 관한 고시」 일부개정안에 관한 건,,parsed_from_schedule,0.88
6905,2023-10-11,report:01:9,9,-,report,public,「개인정보 보호 가이드라인(통계작성 편)」 제정에 관한 건,,parsed_from_schedule,0.88
6903,2023-09-19,deliberation_decision:01:1,1,①,deliberation_decision,public,「정보보호 및 개인정보보호 관리체계 인증 등에 관한 고시」 일부개정안에 관한 건,,parsed_from_schedule,0.88
6903,2023-09-19,deliberation_decision:02:2,2,②,deliberation_decision,public,「개인정보의 안전성 확보조치 기준」 일부개정안 및 「개인정보의 기술적‧관리적 보호조치 기준」 폐지안에 관한 건,,parsed_from_schedule,0.88
6903,2023-09-19,deliberation_decision:03:3,3,③,deliberation_decision,public,「소방공무원 징계령」 일부개정안에 대한 개인정보 침해요인 평가에 관한 건,,parsed_from_schedule,0.88
6903,2023-09-19,deliberation_decision:04:4,4,④,deliberation_decision,public,「물류정책기본법 시행령」 일부개정안에 대한 개인정보 침해요인 평가에 관한 건,,parsed_from_schedule,0.88
6903,2023-09-19,deliberation_decision:05:5,5,⑤,deliberation_decision,public,「건설기계관리법 시행규칙」 일부개정안에 대한 개인정보 침해요인 평가에 관한 건,,parsed_from_schedule,0.88
6903,2023-09-19,deliberation_decision:06:6,6,⑥,deliberation_decision,public,「유료도로법 시행규칙」 일부개정안에 대한 개인정보 침해요인 평가에 관한 건,,parsed_from_schedule,0.88
6903,2023-09-19,deliberation_decision:07:7,7,⑦,deliberation_decision,public,「연구개발특구의 육성에 관한 특별법 시행규칙」 일부개정안에 대한 개인정보 침해요인 평가에 관한 건,,parsed_from_schedule,0.88
6903,2023-09-19,deliberation_decision:08:8,8,⑧,deliberation_decision,public,「국가공무원법」 일부개정안에 대한 개인정보 침해요인 평가에 관한 건,,parsed_from_schedule,0.88
6903,2023-09-19,deliberation_decision:09:9,9,⑨,deliberation_decision,public,「검사와 사법경찰관의 상호협력과 일반적 수사준칙에 관한 규정」 일부개정안에 대한 개인정보 침해요인 평가에 관한 건,,parsed_from_schedule,0.88
6903,2023-09-19,report:01:10,10,-,report,private,온라인쇼핑(셀러툴) 플랫폼 부문 자율규약 이행점검 결과에 관한 건,,parsed_from_schedule,0.88
6902,2023-09-11,deliberation_decision:01:1,1,①,deliberation_decision,public,「개인정보 보호법 위반에 대한 과징금 부과기준」 제정안에 관한 건,,parsed_from_schedule,0.88
6902,2023-09-11,deliberation_decision:02:2,2,②,deliberation_decision,public,「개인정보 보호법 위반에 대한 과태료 부과기준」 일부개정안에 관한 건,,parsed_from_schedule,0.88
6902,2023-09-11,deliberation_decision:03:3,3,③,deliberation_decision,public,「부동산 거래신고 등에 관한 법률 시행령」 일부개정안에 대한 개인정보 침해요인 평가에 관한 건,,parsed_from_schedule,0.88
6902,2023-09-11,deliberation_decision:04:4,4,④,deliberation_decision,public,「부동산 거래신고 등에 관한 법률 시행규칙」 일부개정안에 대한 개인정보 침해요인 평가에 관한 건,,parsed_from_schedule,0.88
6902,2023-09-11,deliberation_decision:05:5,5,⑤,deliberation_decision,public,「학원의 설립·운영 및 과외교습에 관한 법률 시행령」 일부개정안에 대한 개인정보 침해요인 평가에 관한 건,,parsed_from_schedule,0.88
6895,2023-07-26,deliberation_decision:01:1,1,①,deliberation_decision,public,개인정보보호 법규 위반행위에 대한 시정조치에 관한 건 (2021조일0028),2021조일0028,parsed_from_schedule,0.88
6895,2023-07-26,deliberation_decision:02:2,2,②,deliberation_decision,public,개인정보보호 법규 위반행위에 대한 시정조치에 관한 건 (2023조일0061),2023조일0061,parsed_from_schedule,0.88
6895,2023-07-26,deliberation_decision:03:3,3,③,deliberation_decision,public,개인정보보호 법규 위반행위에 대한 시정조치에 관한 건 (2022조일0005 등 7건),2022조일0005,parsed_from_schedule,0.88
6895,2023-07-26,deliberation_decision:04:4,4,④,deliberation_decision,public,개인정보보호 법규 위반행위에 대한 시정조치 및 개선권고에 관한 건(2023조삼0006 등 4건),2023조삼0006,parsed_from_schedule,0.88
6895,2023-07-26,deliberation_decision:05:5,5,⑤,deliberation_decision,public,공공기관의 개인정보보호 법규 위반행위에 대한 시정조치에 관한 건(2023조총0008 등 15건),2023조총0008,parsed_from_schedule,0.88
6895,2023-07-26,deliberation_decision:06:6,6,⑥,deliberation_decision,public,｢개인정보 보호법 시행령｣ 일부개정안에 관한 건,,parsed_from_schedule,0.88
6895,2023-07-26,report:01:7,7,-,report,private,「AI 시대 안전한 개인정보 활용 정책방향(안)」에 관한 건,,parsed_from_schedule,0.88
6893,2023-07-12,deliberation_decision:01:1,1,①,deliberation_decision,public,"개인정보보호 법규 위반행위에 대한 시정조치에 관한 건(2021조일0148~0181, 2021조이0173)","2021조일0148,2021조일0149,2021조일0150,2021조일0151,2021조일0152,2021조일0153,2021조일0154,2021조일0155,2021조일0156,2021조일0157,2021조일0158,2021조일0159,2021조일0160,2021조일0161,2021조일0162,2021조일0163,2021조일0164,2021조일0165,2021조일0166,2021조일0167,2021조일0168,2021조일0169,2021조일0170,2021조일0171,2021조일0172,2021조일0173,2021조일0174,2021조일0175,2021조일0176,2021조일0177,2021조일0178,2021조일0179,2021조일0180,2021조일0181,2021조이0173",parsed_from_schedule,0.88
6893,2023-07-12,deliberation_decision:02:2,2,②,deliberation_decision,public,개인정보보호 법규 위반행위에 대한 시정조치에 관한 건(2023조이0003),2023조이0003,parsed_from_schedule,0.88
6893,2023-07-12,deliberation_decision:03:3,3,③,deliberation_decision,public,HR채용 플랫폼 부문 민관협력 자율규제 규약 제정에 관한 건,,parsed_from_schedule,0.88
6893,2023-07-12,report:01:4,4,①,report,private,정보보호 및 개인정보보호 관리체계 인증 등에 관한 고시 일부개정안에 관한 건,,parsed_from_schedule,0.88
6893,2023-07-12,report:02:5,5,②,report,private,개인정보 보호위원회의 조사 및 처분에 관한 규정 일부개정안에 관한 건,,parsed_from_schedule,0.88
6891,2023-06-28,deliberation_decision:01:1,1,①,deliberation_decision,public,개인정보보호 법규 위반행위에 대한 시정조치에 관한 건(2022조일0069 등 2건),2022조일0069,parsed_from_schedule,0.88
6891,2023-06-28,deliberation_decision:02:2,2,②,deliberation_decision,public,개인정보보호 법규 위반행위에 대한 시정조치에 관한 건(2022조이0043 등 2건),2022조이0043,parsed_from_schedule,0.88
6891,2023-06-28,deliberation_decision:03:3,3,③,deliberation_decision,public,개인정보보호 법규 위반행위에 대한 시정조치에 관한 건(2022조이0028),2022조이0028,parsed_from_schedule,0.88
6891,2023-06-28,deliberation_decision:04:4,4,④,deliberation_decision,public,개인정보보호 기본계획 수립에 관한 건,,parsed_from_schedule,0.88
6891,2023-06-28,report:01:5,5,①,report,private,개인정보 국외이전 운영 등에 관한 규정 제정안에 관한 건,,parsed_from_schedule,0.88
6891,2023-06-28,report:02:6,6,②,report,private,표준 개인정보 보호지침 개정안에 관한 건,,parsed_from_schedule,0.88
6891,2023-06-28,report:03:7,7,③,report,private,개인정보 처리 방법에 관한 고시 개정안에 관한 건,,parsed_from_schedule,0.88
6891,2023-06-28,report:04:8,8,④,report,private,개인정보 영향평가에 관한 고시 일부개정안에 관한 건,,parsed_from_schedule,0.88
6891,2023-06-28,report:05:9,9,⑤,report,private,온라인쇼핑(중개) 플랫폼 부문 자율규약 이행점검 결과에 관한 건,,parsed_from_schedule,0.88
6891,2023-06-28,report:06:10,10,⑥,report,public,개인정보 분야 전문용어 표준안에 관한 건,,parsed_from_schedule,0.88
6890,2023-06-14,deliberation_decision:01:1,1,①,deliberation_decision,public,개인정보보호 법규 위반행위에 대한 시정조치에 관한 건(2021조일0117 등 2건),2021조일0117,parsed_from_schedule,0.88
6890,2023-06-14,deliberation_decision:02:2,2,②,deliberation_decision,public,개인정보보호 법규 위반행위에 대한 시정조치에 관한 건(2022조이0086 등 3건),2022조이0086,parsed_from_schedule,0.88
6890,2023-06-14,deliberation_decision:03:3,3,③,deliberation_decision,public,개인정보보호 법규 위반행위에 대한 시정조치에 관한 건(2023조삼0001 등 3건),2023조삼0001,parsed_from_schedule,0.88
6885,2023-05-24,deliberation_decision:01:1,1,-,deliberation_decision,public,개인정보보호 법규 위반행위에 대한 시정조치에 관한 건(2022조이0003 등 11건),2022조이0003,parsed_from_schedule,0.88
6885,2023-05-24,report:01:2,2,①,report,private,개인정보의 안전성 확보조치 기준 개정안에 관한 건,,parsed_from_schedule,0.88
6885,2023-05-24,report:02:3,3,②,report,private,개인정보 처리방침 평가에 관한 고시 제정안에 관한 건,,parsed_from_schedule,0.88
6885,2023-05-24,report:03:4,4,③,report,private,개인정보 보호법 위반에 대한 과징금 부과기준 제정안에 관한 건,,parsed_from_schedule,0.88
6888,2023-05-10,deliberation_decision:01:1,1,①,deliberation_decision,public,공공기관의 개인정보보호 법규 위반행위에 대한 시정조치에 관한 건(2021조총0037 등 2건),2021조총0037,parsed_from_schedule,0.88
6888,2023-05-10,deliberation_decision:02:2,2,②,deliberation_decision,public,공공기관의 개인정보보호 법규 위반행위에 대한 시정조치에 관한 건(202301조총0001 등 14건),,parsed_from_schedule,0.88
6888,2023-05-10,deliberation_decision:03:3,3,③,deliberation_decision,public,개인정보보호 법규 위반행위에 대한 시정조치 및 개선권고에 관한 건(2022조삼0014 등 5건),2022조삼0014,parsed_from_schedule,0.88
6888,2023-05-10,deliberation_decision:04:4,4,④,deliberation_decision,public,｢중앙행정기관 청사의 관리 등에 관한 법률｣ 제정안에 대한 개인정보 침해요인 평가에 관한 건,,parsed_from_schedule,0.88
6888,2023-05-10,deliberation_decision:05:5,5,⑤,deliberation_decision,private,개인정보보호 법규 위반행위에 대한 시정조치 안건의 수정의결에 관한 건,,parsed_from_schedule,0.88
6883,2023-04-26,deliberation_decision:01:1,1,-,deliberation_decision,public,개인정보보호 법규 위반행위에 대한 시정조치에 관한 건(2022조일0037 등 4건),2022조일0037,parsed_from_schedule,0.88
6883,2023-04-26,report:01:2,2,①,report,public,개인정보 보호 가이드라인(온라인 경품행사편) 제정에 관한 건,,parsed_from_schedule,0.88
6883,2023-04-26,report:02:3,3,②,report,private,개인정보 보호법 시행령 일부개정안에 관한 사항,,parsed_from_schedule,0.88
6880,2023-04-12,deliberation_decision:01:1,1,①,deliberation_decision,public,개인정보보호 법규 위반행위에 대한 시정조치에 관한 건(2021조총0022 등 8건),2021조총0022,parsed_from_schedule,0.88
6880,2023-04-12,deliberation_decision:02:2,2,②,deliberation_decision,public,개인정보보호 법규 위반행위에 대한 시정조치 및 조치방안에 관한 건(2022조이0038 등 10건),2022조이0038,parsed_from_schedule,0.88
6880,2023-04-12,deliberation_decision:03:3,3,③,deliberation_decision,public,"개인정보보호 법규 위반행위에 대한 시정조치에 관한 건(2022조일0069, 2022조이0052)","2022조일0069,2022조이0052",parsed_from_schedule,0.88
6880,2023-04-12,report:01:4,4,①,report,public,부동산 분야 개인정보 처리현황 분석 결과에 관한 건,,parsed_from_schedule,0.88
6880,2023-04-12,report:02:5,5,②,report,private,2025년 글로벌 프라이버시 총회(GPA) 유치에 관한 건,,parsed_from_schedule,0.88
6876,2023-03-22,deliberation_decision:01:1,1,①,deliberation_decision,public,개인정보보호 법규 위반행위에 대한 시정조치에 관한 건(2023조일0008 등 4건),2023조일0008,parsed_from_schedule,0.88
6876,2023-03-22,deliberation_decision:02:2,2,②,deliberation_decision,public,개인정보보호 법규 위반행위에 대한 시정조치에 관한 건(2021조이0085 등 6건),2021조이0085,parsed_from_schedule,0.88
6876,2023-03-22,report:01:3,3,-,report,public,구인구직 분야 개인정보 처리현황 분석 결과에 관한 건,,parsed_from_schedule,0.88
6873,2023-03-08,deliberation_decision:01:1,1,①,deliberation_decision,public,「개인정보 보호법 위반에 대한 과태료 부과기준」 개정에 관한 건,,parsed_from_schedule,0.88
6873,2023-03-08,deliberation_decision:02:2,2,②,deliberation_decision,public,개인정보보호 법규 위반행위에 대한 시정조치에 관한 건(2022조총0035 등 12건),2022조총0035,parsed_from_schedule,0.88
6873,2023-03-08,deliberation_decision:03:3,3,③,deliberation_decision,public,개인정보보호 법규 위반행위에 대한 시정조치에 관한 건(2022조일0053 등 3건),2022조일0053,parsed_from_schedule,0.88
6873,2023-03-08,deliberation_decision:04:4,4,④,deliberation_decision,public,개인정보보호 법규 위반행위에 대한 시정조치에 관한 건(2022조이0069 등 4건),2022조이0069,parsed_from_schedule,0.88
6868,2023-02-22,deliberation_decision:01:1,1,①,deliberation_decision,public,개인정보보호 법규 위반행위에 대한 시정조치에 관한 건(2021조이0152 등 7건),2021조이0152,parsed_from_schedule,0.88
6868,2023-02-22,deliberation_decision:02:2,2,②,deliberation_decision,public,주문배달 플랫폼 부문 「민관협력 자율규제 규약」 제정에 관한 건,,parsed_from_schedule,0.88
6868,2023-02-22,deliberation_decision:03:3,3,③,deliberation_decision,public,「온라인플랫폼 분야 민관협력 자율규제 추진계획」('22.5.11.의결) 일부 보완 방안,,parsed_from_schedule,0.88
6867,2023-02-08,deliberation_decision:01:1,1,①,deliberation_decision,public,개인정보보호 법규 위반행위에 대한 시정조치에 관한 건(2021조일0028),2021조일0028,parsed_from_schedule,0.88
6867,2023-02-08,deliberation_decision:02:2,2,②,deliberation_decision,public,개인정보보호 법규 위반행위에 대한 시정조치에 관한 건(2022조일0059 등 4건),2022조일0059,parsed_from_schedule,0.88
6867,2023-02-08,deliberation_decision:03:3,3,③,deliberation_decision,public,개인정보보호 법규 위반행위에 대한 시정조치 및 개선권고에 관한 건(2022조삼0013),2022조삼0013,parsed_from_schedule,0.88
6863,2023-01-11,deliberation_decision:01:1,1,-,deliberation_decision,public,개인정보보호 법규 위반행위에 대한 시정조치에 관한 건(2022조이0058 등 2건),2022조이0058,parsed_from_schedule,0.88
6863,2023-01-11,report:01:2,2,①,report,public,2023년 개인정보보호 조사업무 추진방향에 관한 건,,parsed_from_schedule,0.88
6863,2023-01-11,report:02:3,3,②,report,private,개인정보 조사·처분 프로세스 개선에 관한 건,,parsed_from_schedule,0.88
6863,2023-01-11,report:03:4,4,③,report,private,「개인정보보호 가이드라인(인사·노무편)」에 관한 건,,parsed_from_schedule,0.88
6860,2022-12-28,deliberation_decision:01:1,1,①,deliberation_decision,public,2023년 개인정보보호 시행계획 수립에 관한 건,,parsed_from_schedule,0.88
6860,2022-12-28,deliberation_decision:02:2,2,②,deliberation_decision,public,「가명정보의 결합 및 반출 등에 관한 고시」 일부개정에 관한 건,,parsed_from_schedule,0.88
6860,2022-12-28,deliberation_decision:03:3,3,③,deliberation_decision,public,「공공기관의 가명정보 결합 및 반출 등에 관한 고시」 폐지안에 관한 건,,parsed_from_schedule,0.88
6860,2022-12-28,report:01:4,4,①,report,public,「개인정보 보호·활용기술 표준화 로드맵('23~'27)」(안) 수립에 관한 건,,parsed_from_schedule,0.88
6860,2022-12-28,report:02:5,5,②,report,public,모빌리티 분야 개인정보 처리현황 분석 결과에 관한 건,,parsed_from_schedule,0.88
6857,2022-12-14,deliberation_decision:01:1,1,①,deliberation_decision,public,「개인정보보호 법규 위반에 대한 징계권고 기준」 제정 등에 관한 건,,parsed_from_schedule,0.88
6857,2022-12-14,deliberation_decision:02:2,2,②,deliberation_decision,public,개인정보보호 법규 위반행위에 대한 시정조치에 관한 건(2021조이0084 등 6건),2021조이0084,parsed_from_schedule,0.88
6857,2022-12-14,deliberation_decision:03:3,3,③,deliberation_decision,public,개인정보보호 법규 위반행위에 대한 시정조치에 관한 건(2022조삼0006 등 3건),2022조삼0006,parsed_from_schedule,0.88
6855,2022-11-30,deliberation_decision:01:1,1,①,deliberation_decision,public,개인정보보호 법규 위반행위에 대한 시정조치에 관한 건(2021조이0087 등 10건),2021조이0087,parsed_from_schedule,0.88
6855,2022-11-30,deliberation_decision:02:2,2,②,deliberation_decision,public,개인정보보호 법규 위반행위에 대한 시정조치에 관한 건(2021조일0036 등 11건),2021조일0036,parsed_from_schedule,0.88
6853,2022-11-16,deliberation_decision:01:1,1,①,deliberation_decision,public,개인정보보호 법규 위반행위에 대한 시정조치에 관한 건(2021조일0131 등 10건),2021조일0131,parsed_from_schedule,0.88
6853,2022-11-16,deliberation_decision:02:2,2,②,deliberation_decision,public,개인정보보호 법규 위반행위에 대한 시정조치에 관한 건(2021조이0080 등 4건),2021조이0080,parsed_from_schedule,0.88
6853,2022-11-16,deliberation_decision:03:3,3,③,deliberation_decision,private,개인정보보호 법규 위반행위에 대한 조치에 관한 건(2021조이0184),2021조이0184,parsed_from_schedule,0.88
6853,2022-11-16,report:01:4,4,-,report,private,「개인정보 조사정보 통합시스템」 구축 추진계획(안)에 관한 건,,parsed_from_schedule,0.88
6849,2022-10-19,deliberation_decision:01:1,1,-,deliberation_decision,public,「개인정보보호 법규 위반에 대한 과징금 부과기준」 일부개정 및 「주민등록번호 유출 등에 대한 과징금 부과기준」 제정에 관한 건,,parsed_from_schedule,0.88
6849,2022-10-19,report:01:2,2,-,report,public,온라인플랫폼 「민관협력 자율규제」 추진 주문배달 분야 개인정보 처리현황 분석 결과에 관한 건,,parsed_from_schedule,0.88
6845,2022-09-28,deliberation_decision:01:1,1,①,deliberation_decision,private,개인정보보호 법규 위반행위에 대한 시정조치에 관한 건(2021조일0117 등 9건),2021조일0117,parsed_from_schedule,0.88
6845,2022-09-28,deliberation_decision:02:2,2,②,deliberation_decision,public,개인정보보호 법규 위반행위에 대한 시정조치에 관한 건(2022조삼0002 등 2건),2022조삼0002,parsed_from_schedule,0.88
6845,2022-09-28,deliberation_decision:03:3,3,③,deliberation_decision,public,온라인쇼핑(셀러툴) 부문 「민관협력 자율규제 규약」 제정에 관한 건,,parsed_from_schedule,0.88
6845,2022-09-28,report:01:4,4,-,report,public,「AI 개인정보 침해예방 지원 시스템 구축」 결과보고에 관한 건,,parsed_from_schedule,0.88
6841,2022-09-14,deliberation_decision:01:1,1,①,deliberation_decision,public,개인정보보호 법규 위반행위에 대한 시정조치에 관한 건(2021조일0028),2021조일0028,parsed_from_schedule,0.88
6841,2022-09-14,deliberation_decision:02:2,2,②,deliberation_decision,public,개인정보보호 법규 위반행위에 대한 시정조치에 관한 건(2021조총0048 등 16건),2021조총0048,parsed_from_schedule,0.88
6841,2022-09-14,deliberation_decision:03:3,3,③,deliberation_decision,public,개인정보보호 법규 위반행위에 대한 시정조치에 관한 건(2021조이0172 등 5건),2021조이0172,parsed_from_schedule,0.88
6838,2022-08-31,deliberation_decision:01:1,1,①,deliberation_decision,private,개인정보보호 법규 위반행위에 대한 시정조치에 관한 건(2021조일0028),2021조일0028,parsed_from_schedule,0.88
6838,2022-08-31,deliberation_decision:02:2,2,②,deliberation_decision,public,개인정보보호 법규 위반행위에 대한 시정조치에 관한 건(2021조총0048 등 16건),2021조총0048,parsed_from_schedule,0.88
6838,2022-08-31,deliberation_decision:03:3,3,③,deliberation_decision,public,개인정보보호 법규 위반행위에 대한 시정조치에 관한 건(2021조이0172 등 6건),2021조이0172,parsed_from_schedule,0.88
6838,2022-08-31,report:01:4,4,①,report,private,2022 개인정보보호 연차보고서 발간 및 국회 제출에 관한 건,,parsed_from_schedule,0.88
6838,2022-08-31,report:02:5,5,②,report,private,「가명정보의 결합 및 반출 등에 관한 고시」 일부개정에 관한 건,,parsed_from_schedule,0.88
6834,2022-08-10,deliberation_decision:01:1,1,①,deliberation_decision,public,개인정보보호 법규 위반행위에 대한 시정조치에 관한 건(2021조총0029 등 7건),2021조총0029,parsed_from_schedule,0.88
6834,2022-08-10,deliberation_decision:02:2,2,②,deliberation_decision,public,개인정보보호 법규 위반행위에 대한 시정조치에 관한 건(2022조일0041 등 3건),2022조일0041,parsed_from_schedule,0.88
6834,2022-08-10,deliberation_decision:03:3,3,③,deliberation_decision,public,개인정보보호 법규 위반행위에 대한 시정조치에 관한 건(2022조삼0001 등 2건),2022조삼0001,parsed_from_schedule,0.88
6831,2022-07-13,deliberation_decision:01:1,1,①,deliberation_decision,public,온라인 쇼핑(중개) 플랫폼 부문 「민관협력 자율규제 규약」 제정에 관한 건,,parsed_from_schedule,0.88
6831,2022-07-13,deliberation_decision:02:2,2,②,deliberation_decision,public,「(개인정보보호위원회)개인정보보호 자율규제단체 지정 등에 관한 규정」 일부개정안에 관한 건,,parsed_from_schedule,0.88
6831,2022-07-13,deliberation_decision:03:3,3,③,deliberation_decision,public,「(개인정보보호위원회)정보보호 및 개인정보보호 관리체계 인증 등에 관한 고시」 일부개정안에 관한 건,,parsed_from_schedule,0.88
6831,2022-07-13,deliberation_decision:04:4,4,④,deliberation_decision,public,개인정보보호 법규 위반행위에 대한 시정조치에 관한 건(2022조일0043 등 11건),2022조일0043,parsed_from_schedule,0.88
6831,2022-07-13,deliberation_decision:05:5,5,⑤,deliberation_decision,public,개인정보보호 법규 위반행위에 대한 시정조치에 관한 건(2021조이0162 등 2건),2021조이0162,parsed_from_schedule,0.88
6828,2022-06-22,deliberation_decision:01:1,1,①,deliberation_decision,public,개인정보보호 법규 위반행위에 대한 시정조치 및 개인정보 처리실태 개선권고에 관한 건(2022조총0001),2022조총0001,parsed_from_schedule,0.88
6828,2022-06-22,deliberation_decision:02:2,2,②,deliberation_decision,public,개인정보보호 법규 위반행위에 대한 시정조치에 관한 건(2021조일0069 등 9건),2021조일0069,parsed_from_schedule,0.88
6825,2022-06-08,deliberation_decision:01:1,1,-,deliberation_decision,public,개인정보보호 법규 위반행위에 대한 시정조치에 관한 건(2021조이0048 등 3건),2021조이0048,parsed_from_schedule,0.88
6825,2022-06-08,report:01:2,2,①,report,private,공공부문 개인정보 유출 방지대책(안)에 관한 건,,parsed_from_schedule,0.88
6825,2022-06-08,report:02:3,3,②,report,private,「개인정보보호 표준 조례(안)」에 관한 건,,parsed_from_schedule,0.88
6821,2022-05-25,deliberation_decision:01:1,1,①,deliberation_decision,public,개인정보보호 법규 위반행위에 대한 시정조치에 관한 건(2020조총0044 등 8건),2020조총0044,parsed_from_schedule,0.88
6821,2022-05-25,deliberation_decision:02:2,2,②,deliberation_decision,public,「개인정보 보호법 시행령」 일부개정안에 관한 건,,parsed_from_schedule,0.88
6821,2022-05-25,report:01:3,3,-,report,private,「아동·청소년 개인정보보호 기본계획(안)」에 관한 건,,parsed_from_schedule,0.88
6818,2022-05-11,deliberation_decision:01:1,1,①,deliberation_decision,public,개인정보보호 법규 위반행위에 대한 시정조치에 관한 건(2020조이0024 등 5건),2020조이0024,parsed_from_schedule,0.88
6818,2022-05-11,deliberation_decision:02:2,2,②,deliberation_decision,public,온라인플랫폼 분야 「민관협력 자율규제 추진계획(안)」,,parsed_from_schedule,0.88
6815,2022-04-27,report:01:1,1,①,report,public,「가명정보 처리 가이드라인」 개정에 관한 건,,parsed_from_schedule,0.88
6815,2022-04-27,report:02:2,2,②,report,public,제8회 동시지방선거 대비 개인정보보호 관련 준수사항,,parsed_from_schedule,0.88
6815,2022-04-27,deliberation_decision:01:3,3,①,deliberation_decision,public,대한한의사협회의 통계작성 등을 위한 한의 의료기관 보유 가명정보 제공 요청에 관한 건,,parsed_from_schedule,0.88
6815,2022-04-27,deliberation_decision:02:4,4,②,deliberation_decision,public,개인정보보호 법규 위반행위에 대한 시정조치에 관한 건(2020조이0020 등 4건),2020조이0020,parsed_from_schedule,0.88
6815,2022-04-27,deliberation_decision:03:5,5,③,deliberation_decision,public,개인정보보호 법규 위반행위에 대한 시정조치에 관한 건(2021조총0080),2021조총0080,parsed_from_schedule,0.88
6813,2022-04-13,deliberation_decision:01:1,1,①,deliberation_decision,public,개인정보보호 법규 위반행위에 대한 시정조치에 관한 건(2021조일0101 등 3건),2021조일0101,parsed_from_schedule,0.88
6813,2022-04-13,deliberation_decision:02:2,2,②,deliberation_decision,public,개인정보보호 법규 위반행위에 대한 시정조치에 관한 건(2021조일0144 등 2건),2021조일0144,parsed_from_schedule,0.88
6813,2022-04-13,deliberation_decision:03:3,3,③,deliberation_decision,public,개인정보보호 법규 위반행위에 대한 시정조치에 관한 건(2021조이0168 등 6건),2021조이0168,parsed_from_schedule,0.88
6809,2022-03-23,deliberation_decision:01:1,1,①,deliberation_decision,public,개인정보보호 법규 위반행위에 대한 시정조치에 관한 건(2019조일0006 등 4건),2019조일0006,parsed_from_schedule,0.88
6809,2022-03-23,deliberation_decision:02:2,2,②,deliberation_decision,public,개인정보보호 법규 위반행위에 대한 시정조치에 관한 건(2021조일0063 등 12건),2021조일0063,parsed_from_schedule,0.88
6804,2022-02-23,deliberation_decision:01:1,1,①,deliberation_decision,public,개인정보 처리실태 개선 권고에 관한 건(2021조일0040),2021조일0040,parsed_from_schedule,0.88
6804,2022-02-23,deliberation_decision:02:2,2,②,deliberation_decision,public,개인정보보호 법규 위반행위에 대한 시정조치에 관한 건(2021조이0152),2021조이0152,parsed_from_schedule,0.88
6804,2022-02-23,report:01:3,3,①,report,private,「알기쉬운 개인정보 처리 동의 안내서」에 관한 건,,parsed_from_schedule,0.88
6804,2022-02-23,report:02:4,4,②,report,private,「개인정보 처리방침 작성지침 개정」에 관한 건,,parsed_from_schedule,0.88
6801,2022-02-09,deliberation_decision:01:1,1,-,deliberation_decision,public,개인정보보호 법규 위반행위에 대한 시정조치에 관한 건(2020조이0007 등 2건),2020조이0007,parsed_from_schedule,0.88
6801,2022-02-09,report:01:2,2,①,report,public,분쟁조정위 개인정보 유출사고 조치결과 보고에 관한 사항,,parsed_from_schedule,0.88
6801,2022-02-09,report:02:3,3,②,report,public,2021년 공공기관 개인정보 관리수준 진단 결과 보고,,parsed_from_schedule,0.88
6801,2022-02-09,report:03:4,4,③,report,private,「아동·청소년 개인정보보호 가이드라인」에 관한 건,,parsed_from_schedule,0.88
6798,2022-01-26,deliberation_decision:01:1,1,-,deliberation_decision,public,개인정보보호 법규 위반행위에 대한 시정조치에 관한 건(2020조이0037 등 3건),2020조이0037,parsed_from_schedule,0.88
6798,2022-01-26,report:01:2,2,①,report,public,「2021 가명정보 활용 우수사례집 발간·배포」에 관한 건,,parsed_from_schedule,0.88
6798,2022-01-26,report:02:3,3,②,report,private,「개인정보 보호법 시행령」 일부개정안에 관한 사항,,parsed_from_schedule,0.88
6796,2022-01-12,deliberation_decision:01:1,1,①,deliberation_decision,public,개인정보보호 실태에 대한 개선권고에 관한 건(2021조이0185),2021조이0185,parsed_from_schedule,0.88
6796,2022-01-12,deliberation_decision:02:2,2,②,deliberation_decision,private,개인정보보호 법규 위반행위에 대한 조치에 관한 건(2021조이0069 등 4건),2021조이0069,parsed_from_schedule,0.88
6796,2022-01-12,deliberation_decision:03:3,3,③,deliberation_decision,public,개인정보보호 법규 위반행위에 대한 시정조치에 관한 건(2021조총0033),2021조총0033,parsed_from_schedule,0.88
6793,2021-12-22,deliberation_decision:01:1,1,-,deliberation_decision,public,2022년 개인정보보호 시행계획 수립에 관한 건,,parsed_from_schedule,0.88
6793,2021-12-22,report:01:2,2,①,report,public,「털린 내 정보 찾기 서비스 운영 현황」에 관한 건,,parsed_from_schedule,0.88
6793,2021-12-22,report:02:3,3,②,report,public,「스마트도시 개인정보보호 가이드라인」에 관한 건,,parsed_from_schedule,0.88
6793,2021-12-22,report:03:4,4,③,report,private,"「자율주행이동체(자율주행차, 드론, 로봇) 개인영상정보 보호 가이드라인」에 관한 건",,parsed_from_schedule,0.88
6789,2021-12-08,deliberation_decision:01:1,1,①,deliberation_decision,public,개인정보보호 법규 위반행위에 대한 시정조치에 관한 건(2020조일0029 등 8건),2020조일0029,parsed_from_schedule,0.88
6789,2021-12-08,deliberation_decision:02:2,2,②,deliberation_decision,public,개인정보보호 법규 위반행위에 대한 시정조치에 관한 건(2021조일0031 등 16건),2021조일0031,parsed_from_schedule,0.88
6789,2021-12-08,report:01:3,3,-,report,public,「스마트도시 개인정보보호 가이드라인」에 관한 건,,parsed_from_schedule,0.88
6785,2021-11-24,deliberation_decision:01:1,1,①,deliberation_decision,public,개인정보보호 법규 위반행위에 대한 시정조치에 관한 건(2021조일0100 등 5건),2021조일0100,parsed_from_schedule,0.88
6785,2021-11-24,deliberation_decision:02:2,2,②,deliberation_decision,public,개인정보보호 법규 위반행위에 대한 시정조치 재처분에 관한 건(2021조일0114),2021조일0114,parsed_from_schedule,0.88
6785,2021-11-24,deliberation_decision:03:3,3,③,deliberation_decision,public,개인정보보호 법규 위반행위에 대한 시정조치 재처분에 관한 건(2021조이0161),2021조이0161,parsed_from_schedule,0.88
6784,2021-11-10,deliberation_decision:01:1,1,①,deliberation_decision,public,「한국으로 이전된 개인정보의 처리와 관련한 개인정보 보호법의 해석과 적용을 위한 보완규정」 개정에 관한 건,,parsed_from_schedule,0.88
6784,2021-11-10,deliberation_decision:02:2,2,②,deliberation_decision,public,개인정보보호 법규 위반행위에 대한 시정조치에 관한 건(2021조이0061 등 8건),2021조이0061,parsed_from_schedule,0.88
6784,2021-11-10,report:01:3,3,①,report,public,「개인정보 보호·활용기술 R&D 로드맵('22-'26)」(안) 수립에 관한 건,,parsed_from_schedule,0.88
6784,2021-11-10,report:02:4,4,②,report,public,코로나19 개인정보 처리실태 점검 및 개선결과 보고,,parsed_from_schedule,0.88
6784,2021-11-10,report:03:5,5,③,report,private,온라인 개인정보 유출 예방 및 피해구제 대책(안)에 관한 사항,,parsed_from_schedule,0.88
6781,2021-10-27,deliberation_decision:01:1,1,①,deliberation_decision,public,개인정보보호 법규 위반행위에 대한 시정조치에 관한 건(2021조일0054 등 12건),2021조일0054,parsed_from_schedule,0.88
6781,2021-10-27,deliberation_decision:02:2,2,②,deliberation_decision,public,개인정보보호 법규 위반행위에 대한 시정조치에 관한 건(2021조이0099 등 9건),2021조이0099,parsed_from_schedule,0.88
6774,2021-09-29,report:01:1,1,-,report,public,긴급상황 시 개인정보 처리 및 보호수칙,,parsed_from_schedule,0.88
6774,2021-09-29,deliberation_decision:01:2,2,①,deliberation_decision,public,「가명정보의 결합 및 반출 등에 관한 고시」 일부 개정에 관한 건,,parsed_from_schedule,0.88
6774,2021-09-29,deliberation_decision:02:3,3,②,deliberation_decision,public,개인정보보호 법규 위반행위에 대한 시정조치에 관한 건(2021조이0038 등 4건),2021조이0038,parsed_from_schedule,0.88
6774,2021-09-29,deliberation_decision:03:4,4,③,deliberation_decision,private,개인정보보호 법규 위반행위에 대한 시정조치에 관한 건(2020조총0061 등 64건),2020조총0061,parsed_from_schedule,0.88
6774,2021-09-29,deliberation_decision:04:5,5,④,deliberation_decision,private,「근로자직업능력 개발법」 일부개정법률안에 대한 개인정보 침해요인 평가 결과,,parsed_from_schedule,0.88
6771,2021-09-08,deliberation_decision:01:1,1,①,deliberation_decision,public,개인정보보호 법규 위반행위에 대한 시정조치에 관한 건(2021조총0002~0013 등 19건),"2021조총0002,2021조총0003,2021조총0004,2021조총0005,2021조총0006,2021조총0007,2021조총0008,2021조총0009,2021조총0010,2021조총0011,2021조총0012,2021조총0013",parsed_from_schedule,0.88
6771,2021-09-08,deliberation_decision:02:2,2,②,deliberation_decision,public,정보통신서비스 제공자 등의 경미한 위반행위에 대한 과징금 미부과기준에 관한 건,,parsed_from_schedule,0.88
6771,2021-09-08,deliberation_decision:03:3,3,③,deliberation_decision,public,개인정보보호 법규 위반행위에 대한 시정조치에 관한 건(2020조이0001 등 6건),2020조이0001,parsed_from_schedule,0.88
6771,2021-09-08,deliberation_decision:04:4,4,④,deliberation_decision,public,개인정보의 안전성 확보조치 관련 고시 일부 개정에 관한 건,,parsed_from_schedule,0.88
6768,2021-08-25,deliberation_decision:01:1,1,①,deliberation_decision,public,개인정보보호 법규 위반행위에 대한 시정조치에 관한 건(2021조일0033 등 3건),2021조일0033,parsed_from_schedule,0.88
6768,2021-08-25,deliberation_decision:02:2,2,②,deliberation_decision,private,개인정보보호 법규 위반행위에 대한 시정조치에 관한 건(2020조총0063 등 44건),2020조총0063,parsed_from_schedule,0.88
6768,2021-08-25,report:01:3,3,①,report,private,2021 개인정보보호 연차보고서 발간 및 국회 제출에 관한 건,,parsed_from_schedule,0.88
6768,2021-08-25,report:02:4,4,②,report,private,생체정보 보호 가이드라인 개정(안)에 관한 건,,parsed_from_schedule,0.88
6765,2021-07-28,deliberation_decision:01:1,1,①,deliberation_decision,private,개인정보보호 법규 위반행위에 대한 시정조치에 관한 건(2021조일0033 등 3건),2021조일0033,parsed_from_schedule,0.88
6765,2021-07-28,deliberation_decision:02:2,2,②,deliberation_decision,public,"개인정보보호 법규 위반행위에 대한 시정조치에 관한 건(2020조총0039, 2021조일0045 등 7건)","2020조총0039,2021조일0045",parsed_from_schedule,0.88
6765,2021-07-28,report:01:3,3,-,report,public,「개인정보 보호위원회 출범 1년간 제재처분 결과 분석」에 관한 건,,parsed_from_schedule,0.88
6761,2021-07-14,deliberation_decision:01:1,1,-,deliberation_decision,public,개인정보보호 법규 위반행위에 대한 시정조치에 관한 건(2021조이0055),2021조이0055,parsed_from_schedule,0.88
6761,2021-07-14,report:01:2,2,①,report,private,「가명정보 결합 및 반출 등에 관한 고시」 일부개정에 관한 건,,parsed_from_schedule,0.88
6761,2021-07-14,report:02:3,3,②,report,private,「개인정보 보호위원회 출범 1주년 기념행사」에 관한 건,,parsed_from_schedule,0.88
6759,2021-06-23,deliberation_decision:01:1,1,-,deliberation_decision,public,개인정보보호 법규 위반행위에 대한 시정조치에 관한 건(2020조이0021 등 6건),2020조이0021,parsed_from_schedule,0.88
6759,2021-06-23,report:01:2,2,①,report,public,「AI 학습용 데이터의 안전한 개방을 위한 지원현황」에 관한 건,,parsed_from_schedule,0.88
6759,2021-06-23,report:02:3,3,②,report,public,제55차 APPA 포럼 개최결과에 관한 건,,parsed_from_schedule,0.88
6759,2021-06-23,report:03:4,4,③,report,private,가명정보 활용 성과 및 규제혁신 보고회 개최 계획(안),,parsed_from_schedule,0.88
6755,2021-06-09,deliberation_decision:01:1,1,-,deliberation_decision,public,개인정보보호 법규 위반행위에 대한 시정조치에 관한 건(2019조일0002 등 6건),2019조일0002,parsed_from_schedule,0.88
6755,2021-06-09,report:01:2,2,-,report,public,개인정보 침해 관련 손해배상책임 보장제도 개선안,,parsed_from_schedule,0.88
6752,2021-05-26,deliberation_decision:01:1,1,-,deliberation_decision,public,개인정보보호 법규 위반행위에 대한 시정조치에 관한 건(2020조이0002 등 9건),2020조이0002,parsed_from_schedule,0.88
6752,2021-05-26,report:01:2,2,-,report,public,「AI 개인정보보호 자율점검표(개발자·운영자용)」 발간 및 후속계획에 관한 건,,parsed_from_schedule,0.88
6749,2021-05-12,deliberation_decision:01:1,1,①,deliberation_decision,public,개인정보보호 법규 위반행위에 대한 시정조치에 관한 건(2020조일0001 등 8건),2020조일0001,parsed_from_schedule,0.88
6749,2021-05-12,deliberation_decision:02:2,2,②,deliberation_decision,public,「개인정보 보호법」 일부개정법률안에 관한 건,,parsed_from_schedule,0.88
6749,2021-05-12,report:01:3,3,-,report,public,「AI 서비스 개인정보보호 자율점검표(개발자·운영자용)」에 관한 건,,parsed_from_schedule,0.88
6746,2021-04-28,deliberation_decision:01:1,1,①,deliberation_decision,public,개인정보보호 법규 위반행위에 대한 시정조치에 관한 건(2021조이0013),2021조이0013,parsed_from_schedule,0.88
6746,2021-04-28,deliberation_decision:02:2,2,②,deliberation_decision,private,「전자상거래 등에서의 소비자보호에 관한 법률 전부개정안」에 대한 개인정보 침해요인 평가 결과,,parsed_from_schedule,0.88
6746,2021-04-28,report:01:3,3,-,report,public,제55차 APPA 포럼 개최계획에 관한 건,,parsed_from_schedule,0.88
6743,2021-04-14,deliberation_decision:01:1,1,①,deliberation_decision,public,개인정보보호 법규 위반행위에 대한 시정조치에 관한 건(2019조일0016 등 22건),2019조일0016,parsed_from_schedule,0.88
6743,2021-04-14,deliberation_decision:02:2,2,②,deliberation_decision,private,「전자상거래 등에서의 소비자보호에 관한 법률 전부개정안」에 대한 개인정보 침해요인 평가 결과,,parsed_from_schedule,0.88
6743,2021-04-14,report:01:3,3,①,report,public,공공·민간분야 영상정보처리기기 설치·운영 가이드라인 개정에 관한 건,,parsed_from_schedule,0.88
6743,2021-04-14,report:02:4,4,②,report,public,「민관이 함께하는 자율기반의 개인정보보호 실천계획」에 관한 건,,parsed_from_schedule,0.88
6741,2021-03-24,deliberation_decision:01:1,1,-,deliberation_decision,public,「주민등록번호 유출 등에 대한 과징금 부과기준」 제정에 관한 건,,parsed_from_schedule,0.88
6741,2021-03-24,report:01:2,2,-,report,private,「AI 서비스 개인정보보호 자율점검표(개발자·운영자용)」 내용 및 추진계획,,parsed_from_schedule,0.88
6738,2021-03-10,deliberation_decision:01:1,1,-,deliberation_decision,public,"개인정보보호 법규 위반행위에 대한 시정조치에 관한 건(2020조일0021, 0026)","2020조일0021,2020조일0026",parsed_from_schedule,0.88
6738,2021-03-10,report:01:2,2,-,report,private,개인정보 보호법 개정 추진에 관한 건,,parsed_from_schedule,0.88
6735,2021-02-24,deliberation_decision:01:1,1,-,deliberation_decision,public,"개인정보보호 법규 위반행위에 대한 시정조치에 관한 건(2019조일0014, 2020조일0004, 0010, 0014)","2019조일0014,2020조일0004,2020조일0010,2020조일0014",parsed_from_schedule,0.88
6735,2021-02-24,report:01:2,2,-,report,private,가명정보 활용 추진현황 및 계획,,parsed_from_schedule,0.88
6731,2021-01-27,deliberation_decision:01:1,1,①,deliberation_decision,public,개인정보보호 법규 위반행위에 대한 시정조치에 관한 건(2021조이0005~0008),"2021조이0005,2021조이0006,2021조이0007,2021조이0008",parsed_from_schedule,0.88
6731,2021-01-27,deliberation_decision:02:2,2,②,deliberation_decision,public,개인정보보호 법규 위반행위에 대한 시정조치에 관한 건(2020조총0006~0035),"2020조총0006,2020조총0007,2020조총0008,2020조총0009,2020조총0010,2020조총0011,2020조총0012,2020조총0013,2020조총0014,2020조총0015,2020조총0016,2020조총0017,2020조총0018,2020조총0019,2020조총0020,2020조총0021,2020조총0022,2020조총0023,2020조총0024,2020조총0025,2020조총0026,2020조총0027,2020조총0028,2020조총0029,2020조총0030,2020조총0031,2020조총0032,2020조총0033,2020조총0034,2020조총0035",parsed_from_schedule,0.88
6731,2021-01-27,deliberation_decision:03:3,3,③,deliberation_decision,public,「개인정보 보호법 위반에 대한 과태료 부과기준」 제정에 관한 건,,parsed_from_schedule,0.88
6731,2021-01-27,deliberation_decision:04:4,4,④,deliberation_decision,public,「개인정보보호 법규 위반에 대한 고발기준」 제정에 관한 건,,parsed_from_schedule,0.88
6731,2021-01-27,deliberation_decision:05:5,5,⑤,deliberation_decision,private,「신용정보의 이용 및 보호에 관한 법령」 개선권고에 관한 건,,parsed_from_schedule,0.88
6728,2021-01-13,deliberation_decision:01:1,1,①,deliberation_decision,public,「한국으로 이전된 개인정보의 처리와 관련한 개인정보 보호법의 해석과 적용을 위한 보완규정」 개정에 관한 건,,parsed_from_schedule,0.88
6728,2021-01-13,deliberation_decision:02:2,2,②,deliberation_decision,public,"개인정보보호 법규 위반행위에 대한 시정조치에 관한 건(2020조일0021, 0011, 0012, 0024)","2020조일0021,2020조일0011,2020조일0012,2020조일0024",parsed_from_schedule,0.88
6728,2021-01-13,report:01:3,3,-,report,public,「주요 공공기관 개인정보 처리실태 합동점검 계획」에 관한 건,,parsed_from_schedule,0.88
6725,2020-12-23,deliberation_decision:01:1,1,①,deliberation_decision,public,이동통신 서비스 이용자의 통화내역 열람기한 제한 관련 개선권고에 관한 건,,parsed_from_schedule,0.88
6725,2020-12-23,deliberation_decision:02:2,2,②,deliberation_decision,public,(개인정보보호위원회) 정보보호 및 개인정보보호 관리체계 인증 등에 관한 고시 일부개정안에 관한 건,,parsed_from_schedule,0.88
6725,2020-12-23,deliberation_decision:03:3,3,③,deliberation_decision,public,2021년 개인정보보호 시행계획 수립에 관한 건,,parsed_from_schedule,0.88
6725,2020-12-23,deliberation_decision:04:4,4,④,deliberation_decision,private,데이터 기본법안(의안번호 6182) 검토의견에 관한 건,,parsed_from_schedule,0.88
6725,2020-12-23,report:01:5,5,①,report,public,「개인정보 보호법」 일부개정안에 관한 사항,,parsed_from_schedule,0.88
6725,2020-12-23,report:02:6,6,②,report,private,개인영상정보 보호 관련 제도개선 방안에 관한 건,,parsed_from_schedule,0.88
6722,2020-12-09,deliberation_decision:01:1,1,①,deliberation_decision,public,개인정보보호 법규 위반행위에 대한 시정조치에 관한 건(2020조이0025~0028),"2020조이0025,2020조이0026,2020조이0027,2020조이0028",parsed_from_schedule,0.88
6722,2020-12-09,deliberation_decision:02:2,2,②,deliberation_decision,public,「개인정보 보호위원회의 조사 및 처분에 관한 규정」 제정에 관한 건,,parsed_from_schedule,0.88
6722,2020-12-09,report:01:3,3,①,report,public,「개인정보 불법유통 대응방안」에 관한 건,,parsed_from_schedule,0.88
6722,2020-12-09,report:02:4,4,②,report,public,「개인정보 보호법」 2차 개정 검토에 관한 건,,parsed_from_schedule,0.88
6719,2020-11-25,deliberation_decision:01:1,1,①,deliberation_decision,public,개인정보보호 법규 위반행위에 대한 시정조치에 관한 건,,parsed_from_schedule,0.88
6719,2020-11-25,deliberation_decision:02:2,2,②,deliberation_decision,public,개인정보보호 기본계획 수립에 관한 건,,parsed_from_schedule,0.88
6719,2020-11-25,deliberation_decision:03:3,3,③,deliberation_decision,public,공공기관의 가명정보 결합 및 반출 등에 관한 고시 제정에 관한 건,,parsed_from_schedule,0.88
6719,2020-11-25,report:01:4,4,①,report,public,결합전문기관 지정 심사 결과,,parsed_from_schedule,0.88
6719,2020-11-25,report:02:5,5,②,report,public,교육분야 가명·익명처리 가인드라인 발간에 관한 건,,parsed_from_schedule,0.88
6719,2020-11-25,report:03:6,6,③,report,public,「코로나19 관련 과태료·과징금 징수유예」 에 관한 건,,parsed_from_schedule,0.88
6717,2020-11-18,deliberation_decision:01:1,1,①,deliberation_decision,public,경과규정이 없는 처분사항에 대한 적용법령에 관한 건,,parsed_from_schedule,0.88
6717,2020-11-18,deliberation_decision:02:2,2,②,deliberation_decision,public,「개인정보 보호위원회 처분결과 공표기준」 제정에 관한 건,,parsed_from_schedule,0.88
6717,2020-11-18,deliberation_decision:03:3,3,③,deliberation_decision,public,개인정보보호 법규 위반행위에 대한 시정조치 등 처분에 관한 건,,parsed_from_schedule,0.88
6717,2020-11-18,report:01:4,4,-,report,public,개인정보 보호법 해설서 2020 발간,,parsed_from_schedule,0.88
6713,2020-10-28,report:01:1,1,①,report,public,제1차 개인정보보호 기본계획 수립에 관한 건,,parsed_from_schedule,0.88
6713,2020-10-28,report:02:2,2,②,report,private,코로나19 관련 안면인식 열화상카메라 개인정보보호에 관한 건,,parsed_from_schedule,0.88
6713,2020-10-28,report:03:3,3,③,report,private,「공공기관의 가명정보 결합 및 반출 등에 관한 고시(안)」 제정 추진현황 보고,,parsed_from_schedule,0.88
6706,2020-09-23,report:01:1,1,①,report,public,「개인정보 보호법」 해설서 개정 추진현황,,parsed_from_schedule,0.88
6706,2020-09-23,report:02:2,2,②,report,public,가명정보 처리 가이드라인 및 보건의료 데이터 활용 가이드라인 발간에 관한 건,,parsed_from_schedule,0.88
6706,2020-09-23,report:03:3,3,③,report,private,「개인정보보호위원회 조사업무 처리규정」 제정에 관한 건,,parsed_from_schedule,0.88
6709,2020-09-09,deliberation_decision:01:1,1,-,deliberation_decision,public,국내대리인 지정 실태점검 결과 및 개선권고에 관한 건,,parsed_from_schedule,0.88
6709,2020-09-09,report:01:2,2,①,report,public,가명정보 처리 가이드라인(결합·반출편) 발간에 관한 건,,parsed_from_schedule,0.88
6709,2020-09-09,report:02:3,3,②,report,private,개인정보 보호 기본계획 수립 추진에 관한 건,,parsed_from_schedule,0.88
6709,2020-09-09,report:03:4,4,③,report,private,개인정보 보호 정책협의회 구성·운영에 관한 건,,parsed_from_schedule,0.88
6704,2020-08-26,deliberation_decision:01:1,1,①,deliberation_decision,public,가명정보의 결합 및 반출 등에 관한 고시 제정에 관한 건,,parsed_from_schedule,0.88
6704,2020-08-26,deliberation_decision:02:2,2,②,deliberation_decision,public,｢한국으로 이전된 개인정보의 처리와 관련한 개인정보 보호법의 해석과 적용을 위한 보완규정｣ 제정에 관한 건,,parsed_from_schedule,0.88
6704,2020-08-26,report:01:3,3,①,report,public,"개인정보보호 관련 가이드라인 개정, 해설서 개정 추진 현황",,parsed_from_schedule,0.88
6704,2020-08-26,report:02:4,4,②,report,public,2020 개인정보보호 연차보고 발간 및 국회 제출에 관한 건,,parsed_from_schedule,0.88
6704,2020-08-26,report:03:5,5,③,report,public,가명정보 처리 가이드라인(가명처리편) 발간에 관한 건,,parsed_from_schedule,0.88
6704,2020-08-26,report:04:6,6,④,report,public,개인정보 보호위원회 결합전문기관 지정계획(안)에 관한 건,,parsed_from_schedule,0.88
6704,2020-08-26,report:05:7,7,⑤,report,private,한-EU 적정성 결정 추진 현황,,parsed_from_schedule,0.88
6700,2020-08-05,unspecified:01:1,1,①,unspecified,public,｢개인정보 보호위원회 운영규칙｣ 제정에 관한 건,,parsed_from_schedule,0.88
6700,2020-08-05,unspecified:02:2,2,②,unspecified,public,｢지방세법 시행령｣ 일부개정안에 대한 개인정보 침해요인 평가 결과,,parsed_from_schedule,0.88
