normalized_law_name,resolved_law_name,article_raw,base_article,time_basis_date,citation_count,verification_status,note,mst,effective_date,article_title
개인정보 보호법,개인정보 보호법,제30조제1항제2호,제30조,2023-03-08,3,verified,article_verified_by_korean_law_mcp,213857,2020-08-05,개인정보 처리방침의 수립 및 공개
개인정보 보호법,개인정보 보호법,제30조제1항제4호,제30조,2023-03-08,3,verified,article_verified_by_korean_law_mcp,213857,2020-08-05,개인정보 처리방침의 수립 및 공개
개인정보 보호법,개인정보 보호법,제31조의2,제31조의2,2023-10-11,1,verified,article_verified_by_korean_law_mcp,248613,2023-09-15,국내대리인의 지정
개인정보 보호법,개인정보 보호법,제31조의2,제31조의2,2024-07-24,1,verified,article_verified_by_korean_law_mcp,248613,2023-09-15,국내대리인의 지정
개인정보 보호법,개인정보 보호법,제31조의2,제31조의2,2025-05-14,1,verified,article_verified_by_korean_law_mcp,248613,2023-09-15,국내대리인의 지정
표준 개인정보 보호지침,,제34조제1항,제34조,2022-03-23,1,needs_review,needs_admin_rule_pass,,,
표준 개인정보 보호지침,,제34조제1항,제34조,2023-02-08,1,needs_review,needs_admin_rule_pass,,,
표준 개인정보 보호지침,,제34조제1항,제34조,2023-06-14,1,needs_review,needs_admin_rule_pass,,,
중소기업기본법,중소기업기본법,제35조제3항,제35조,2023-03-08,3,not_found,article_not_found,,,
개인정보 보호법,개인정보 보호법,제37조,제37조,2023-06-14,1,verified,article_verified_by_korean_law_mcp,213857,2020-08-05,개인정보의 처리정지 등
개인정보 보호법,개인정보 보호법,제37조,제37조,2024-07-24,1,verified,article_verified_by_korean_law_mcp,248613,2023-09-15,개인정보의 처리정지 등
개인정보 보호법,개인정보 보호법,제37조,제37조,2025-05-14,1,verified,article_verified_by_korean_law_mcp,248613,2023-09-15,개인정보의 처리정지 등
개인정보 보호법,개인정보 보호법,제39조의12제2항,제39조의12,2021-08-25,3,verified,article_verified_by_korean_law_mcp,213857,2020-08-05,국외 이전 개인정보의 보호
개인정보 보호법,개인정보 보호법,제39조의15제1항제6호,제39조의15,2021-08-25,1,verified,article_verified_by_korean_law_mcp,213857,2020-08-05,과징금의 부과 등에 대한 특례
개인정보 보호법,개인정보 보호법,제39조의15제1항제6호,제39조의15,2022-09-14,1,verified,article_verified_by_korean_law_mcp,213857,2020-08-05,과징금의 부과 등에 대한 특례
개인정보 보호법,개인정보 보호법,제39조의15제1항제6호,제39조의15,2023-03-22,1,verified,article_verified_by_korean_law_mcp,213857,2020-08-05,과징금의 부과 등에 대한 특례
개인정보 보호법,개인정보 보호법,제3조제3항,제3조,2023-06-14,1,verified,article_verified_by_korean_law_mcp,213857,2020-08-05,개인정보 보호 원칙
개인정보 보호법,개인정보 보호법,제3조제3항,제3조,2024-03-27,1,verified,article_verified_by_korean_law_mcp,248613,2023-09-15,개인정보 보호 원칙
개인정보 보호법,개인정보 보호법,제3조제3항,제3조,2025-05-14,1,verified,article_verified_by_korean_law_mcp,248613,2023-09-15,개인정보 보호 원칙
개인정보 보호법,개인정보 보호법,제3조제4항,제3조,2023-07-26,1,verified,article_verified_by_korean_law_mcp,213857,2020-08-05,개인정보 보호 원칙
개인정보 보호법,개인정보 보호법,제3조제4항,제3조,2024-06-12,1,verified,article_verified_by_korean_law_mcp,248613,2023-09-15,개인정보 보호 원칙
개인정보 보호법,개인정보 보호법,제3조제4항,제3조,2025-04-23,1,verified,article_verified_by_korean_law_mcp,248613,2023-09-15,개인정보 보호 원칙
개인정보 보호법,개인정보 보호법,제3조제6항,제3조,2022-02-23,1,verified,article_verified_by_korean_law_mcp,213857,2020-08-05,개인정보 보호 원칙
개인정보 보호법,개인정보 보호법,제3조제6항,제3조,2023-04-12,1,verified,article_verified_by_korean_law_mcp,213857,2020-08-05,개인정보 보호 원칙
개인정보 보호법,개인정보 보호법,제3조제6항,제3조,2024-06-12,1,verified,article_verified_by_korean_law_mcp,248613,2023-09-15,개인정보 보호 원칙
개인정보 보호법,개인정보 보호법,제48조의11제4항,제48조의11,2021-08-25,1,needs_review,article_not_found_in_inferred_default_pipa,,,
개인정보 보호법,개인정보 보호법,제48조의11제4항,제48조의11,2022-09-14,1,needs_review,article_not_found_in_inferred_default_pipa,,,
개인정보 보호법,개인정보 보호법,제48조의11제4항,제48조의11,2023-10-25,1,needs_review,article_not_found_in_inferred_default_pipa,,,
개인정보 보호법,개인정보 보호법,제48조의4,제48조의4,2023-03-08,1,needs_review,article_not_found_in_inferred_default_pipa,,,
개인정보 보호법,개인정보 보호법,제48조의4,제48조의4,2023-03-22,1,needs_review,article_not_found_in_inferred_default_pipa,,,
개인정보 보호법,개인정보 보호법,제48조의4,제48조의4,2024-06-26,1,needs_review,article_not_found_in_inferred_default_pipa,,,
개인정보 보호법 위반에 대한 공표 및 공표명령 지침,,제5조,제5조,2023-10-11,3,needs_review,needs_admin_rule_pass,,,
개인정보 보호법 위반에 대한 공표 및 공표명령 지침(2023.10.11. 시행),,제5조,제5조,2023-11-08,3,needs_review,needs_admin_rule_pass,,,
舊 개인정보 보호법 위반에 대한 과태료 부과기준,,제63조,제63조,2023-10-25,1,needs_review,needs_admin_rule_pass,,,
舊 개인정보 보호법 위반에 대한 과태료 부과기준,,제63조,제63조,2024-01-24,2,needs_review,needs_admin_rule_pass,,,
개인정보 보호법,개인정보 보호법,제63조의2제1항,제63조의2,2024-06-12,1,verified,article_verified_by_korean_law_mcp,248613,2023-09-15,사전 실태점검
개인정보 보호법,개인정보 보호법,제63조의2제1항,제63조의2,2025-04-23,1,verified,article_verified_by_korean_law_mcp,248613,2023-09-15,사전 실태점검
개인정보 보호법,개인정보 보호법,제63조의2제1항,제63조의2,2025-05-14,1,verified,article_verified_by_korean_law_mcp,248613,2023-09-15,사전 실태점검
개인정보 보호법,개인정보 보호법,제63조의2제3항,제63조의2,2024-06-12,1,verified,article_verified_by_korean_law_mcp,248613,2023-09-15,사전 실태점검
개인정보 보호법,개인정보 보호법,제63조의2제3항,제63조의2,2025-04-23,1,verified,article_verified_by_korean_law_mcp,248613,2023-09-15,사전 실태점검
개인정보 보호법,개인정보 보호법,제63조의2제3항,제63조의2,2025-05-14,1,verified,article_verified_by_korean_law_mcp,248613,2023-09-15,사전 실태점검
개인정보 보호법,개인정보 보호법,제64조의3제1항제1호,제64조의3,2021-08-25,1,needs_review,article_not_found_in_inferred_default_pipa,,,
개인정보 보호법,개인정보 보호법,제64조의3제1항제1호,제64조의3,2023-07-26,2,needs_review,article_not_found_in_inferred_default_pipa,,,
개인정보 보호법,개인정보 보호법,제6조제1항제1호,제6조,2024-05-08,1,verified,article_verified_by_korean_law_mcp,248613,2023-09-15,다른 법률과의 관계
개인정보 보호법,개인정보 보호법,제6조제1항제1호,제6조,2025-08-27,1,verified,article_verified_by_korean_law_mcp,248613,2023-09-15,다른 법률과의 관계
개인정보 보호법,개인정보 보호법,제6조제1항제1호,제6조,2025-12-10,1,verified,article_verified_by_korean_law_mcp,270351,2025-10-02,다른 법률과의 관계
개인정보 보호법,개인정보 보호법,제6조제1항제2호,제6조,2024-05-08,1,verified,article_verified_by_korean_law_mcp,248613,2023-09-15,다른 법률과의 관계
개인정보 보호법,개인정보 보호법,제6조제1항제2호,제6조,2025-01-08,1,verified,article_verified_by_korean_law_mcp,248613,2023-09-15,다른 법률과의 관계
개인정보 보호법,개인정보 보호법,제6조제1항제2호,제6조,2025-08-27,1,verified,article_verified_by_korean_law_mcp,248613,2023-09-15,다른 법률과의 관계
개인정보 보호법,개인정보 보호법,제75조제1항제1호,제75조,2022-06-22,1,verified,article_verified_by_korean_law_mcp,213857,2020-08-05,과태료
개인정보 보호법,개인정보 보호법,제75조제1항제1호,제75조,2023-05-10,2,verified,article_verified_by_korean_law_mcp,213857,2020-08-05,과태료
개인정보 보호법,개인정보 보호법,제75조제2항제10호,제75조,2023-03-08,3,verified,article_verified_by_korean_law_mcp,213857,2020-08-05,과태료
개인정보 보호법,개인정보 보호법,제75조제2항제17호,제75조,2025-07-23,1,verified,article_verified_by_korean_law_mcp,248613,2023-09-15,과태료
개인정보 보호법,개인정보 보호법,제75조제2항제17호,제75조,2026-01-28,1,verified,article_verified_by_korean_law_mcp,270351,2025-10-02,과태료
개인정보 보호법,개인정보 보호법,제75조제2항제17호,제75조,2026-03-25,1,verified,article_verified_by_korean_law_mcp,270351,2025-10-02,과태료
개인정보 보호법,개인정보 보호법,제75조제2항제2호,제75조,2023-04-26,1,verified,article_verified_by_korean_law_mcp,213857,2020-08-05,과태료
개인정보 보호법,개인정보 보호법,제75조제2항제2호,제75조,2023-11-22,1,verified,article_verified_by_korean_law_mcp,248613,2023-09-15,과태료
개인정보 보호법,개인정보 보호법,제75조제2항제2호,제75조,2024-08-28,1,verified,article_verified_by_korean_law_mcp,248613,2023-09-15,과태료
개인정보 보호법,개인정보 보호법,제75조제4항제5호,제75조,2023-04-12,1,verified,article_verified_by_korean_law_mcp,213857,2020-08-05,과태료
개인정보 보호법,개인정보 보호법,제75조제4항제5호,제75조,2023-05-10,1,verified,article_verified_by_korean_law_mcp,213857,2020-08-05,과태료
개인정보 보호법,개인정보 보호법,제75조제4항제5호,제75조,2023-06-14,1,verified,article_verified_by_korean_law_mcp,213857,2020-08-05,과태료
개인정보 보호법,개인정보 보호법,제75조제5항,제75조,2024-02-14,1,verified,article_verified_by_korean_law_mcp,248613,2023-09-15,과태료
개인정보 보호법,개인정보 보호법,제75조제5항,제75조,2025-05-14,2,verified,article_verified_by_korean_law_mcp,248613,2023-09-15,과태료
중소기업기본법,중소기업기본법,제7조,제7조,2022-08-10,1,verified,article_verified_by_korean_law_mcp,238877,2022-07-05,판로 확보
중소기업기본법,중소기업기본법,제7조,제7조,2025-11-20,1,verified,article_verified_by_korean_law_mcp,260843,2024-08-28,판로 확보
중소기업기본법,중소기업기본법,제7조,제7조,2025-11-26,1,verified,article_verified_by_korean_law_mcp,260843,2024-08-28,판로 확보
개인정보 보호법,개인정보 보호법,제8조제2항제2호,제8조,2023-04-12,1,partially_verified,base_article_verified_but_paragraph_not_found,213857,2020-08-05,
개인정보 보호법,개인정보 보호법,제8조제2항제2호,제8조,2023-07-26,1,partially_verified,base_article_verified_but_paragraph_not_found,213857,2020-08-05,
개인정보 보호법,개인정보 보호법,제8조제2항제2호,제8조,2023-11-08,1,partially_verified,base_article_verified_but_paragraph_not_found,248613,2023-09-15,
개인정보 보호법,개인정보 보호법,제11조제2항,제11조,2022-09-28,1,verified,article_verified_by_korean_law_mcp,213857,2020-08-05,자료제출 요구 등
개인정보 보호법,개인정보 보호법,제11조제2항,제11조,2023-07-26,1,verified,article_verified_by_korean_law_mcp,213857,2020-08-05,자료제출 요구 등
개인정보 보호법,개인정보 보호법,제11조제6항,제11조,2024-09-25,1,partially_verified,base_article_verified_but_paragraph_not_found,248613,2023-09-15,자료제출 요구 등
개인정보 보호법,개인정보 보호법,제11조제6항,제11조,2025-06-25,1,partially_verified,base_article_verified_but_paragraph_not_found,248613,2023-09-15,자료제출 요구 등
개인정보 보호법,개인정보 보호법,제13조,제13조,2022-06-22,1,verified,article_verified_by_korean_law_mcp,213857,2020-08-05,자율규제의 촉진 및 지원
개인정보 보호법,개인정보 보호법,제13조,제13조,2025-01-22,1,verified,article_verified_by_korean_law_mcp,248613,2023-09-15,자율규제의 촉진 및 지원
개인정보 보호법,개인정보 보호법,제14조,제14조,2021-08-25,1,verified,article_verified_by_korean_law_mcp,213857,2020-08-05,국제협력
개인정보 보호법,개인정보 보호법,제14조,제14조,2025-05-14,1,verified,article_verified_by_korean_law_mcp,248613,2023-09-15,국제협력
개인정보 보호법,개인정보 보호법,제15조제1항제7호,제15조,2024-02-14,2,verified,article_verified_by_korean_law_mcp,248613,2023-09-15,개인정보의 수집ㆍ이용
개인정보 보호법,개인정보 보호법,제15조제2항제5호,제15조,2023-01-11,1,verified,article_verified_by_korean_law_mcp,213857,2020-08-05,개인정보의 수집ㆍ이용
개인정보 보호법,개인정보 보호법,제15조제2항제5호,제15조,2023-06-28,1,verified,article_verified_by_korean_law_mcp,213857,2020-08-05,개인정보의 수집ㆍ이용
개인정보 보호법,개인정보 보호법,제16조제1항,제16조,2023-02-08,1,verified,article_verified_by_korean_law_mcp,213857,2020-08-05,개인정보의 수집 제한
개인정보 보호법,개인정보 보호법,제16조제1항,제16조,2023-11-22,1,verified,article_verified_by_korean_law_mcp,248613,2023-09-15,개인정보의 수집 제한
개인정보 보호법 및 시행령 개정사항 안내서(2023. 12. 29.),,제17조,제17조,2025-01-22,2,needs_review,skip_non_law_reference,,,
개인정보 보호법,개인정보 보호법,제17조제3항,제17조,2021-08-25,1,verified,article_verified_by_korean_law_mcp,213857,2020-08-05,개인정보의 제공
개인정보 보호법,개인정보 보호법,제17조제3항,제17조,2024-08-28,1,verified,article_verified_by_korean_law_mcp,248613,2023-09-15,개인정보의 제공
개인정보 보호법 및 시행령 개정사항 안내서(2023. 12. 29.),,제18조,제18조,2025-01-22,2,needs_review,skip_non_law_reference,,,
질서위반행위규제법,질서위반행위규제법,제19조제1항,제19조,2023-07-26,2,verified,article_verified_by_korean_law_mcp,224847,2021-01-01,과태료 부과의 제척기간
개인정보 보호법,개인정보 보호법,제21조,제21조,2022-05-25,1,verified,article_verified_by_korean_law_mcp,213857,2020-08-05,개인정보의 파기
개인정보 보호법,개인정보 보호법,제21조,제21조,2023-07-12,1,verified,article_verified_by_korean_law_mcp,213857,2020-08-05,개인정보의 파기
개인정보 보호법,개인정보 보호법,제21조제1항,제21조,2022-05-25,1,verified,article_verified_by_korean_law_mcp,213857,2020-08-05,개인정보의 파기
개인정보 보호법,개인정보 보호법,제21조제1항,제21조,2023-04-12,1,verified,article_verified_by_korean_law_mcp,213857,2020-08-05,개인정보의 파기
개인정보 보호법,개인정보 보호법,제22조의2,제22조의2,2024-09-25,1,verified,article_verified_by_korean_law_mcp,248613,2023-09-15,아동의 개인정보 보호
개인정보 보호법,개인정보 보호법,제22조의2,제22조의2,2025-04-23,1,verified,article_verified_by_korean_law_mcp,248613,2023-09-15,아동의 개인정보 보호
개인정보 보호법,개인정보 보호법,제22조의2제1항,제22조의2,2024-09-25,1,verified,article_verified_by_korean_law_mcp,248613,2023-09-15,아동의 개인정보 보호
개인정보 보호법,개인정보 보호법,제22조의2제1항,제22조의2,2025-04-23,1,verified,article_verified_by_korean_law_mcp,248613,2023-09-15,아동의 개인정보 보호
정보통신망 이용촉진 및 정보보호 등에 관한 법률,정보통신망 이용촉진 및 정보보호 등에 관한 법률,제22조제1항,제22조,2023-07-26,2,partially_verified,base_article_verified_but_paragraph_not_found,247261,2023-07-04,
개인정보 보호법,개인정보 보호법,제22조제1항제7호,제22조,2024-06-26,2,verified,article_verified_by_korean_law_mcp,248613,2023-09-15,동의를 받는 방법
개인정보 보호법,개인정보 보호법,제22조제3항,제22조,2024-08-28,1,verified,article_verified_by_korean_law_mcp,248613,2023-09-15,동의를 받는 방법
개인정보 보호법,개인정보 보호법,제22조제3항,제22조,2025-05-14,1,verified,article_verified_by_korean_law_mcp,248613,2023-09-15,동의를 받는 방법
개인정보 보호법,개인정보 보호법,제23조의2제1항,제23조의2,2022-04-27,1,needs_review,article_not_found_in_inferred_default_pipa,,,
개인정보 보호법,개인정보 보호법,제23조의2제1항,제23조의2,2025-11-26,1,needs_review,article_not_found_in_inferred_default_pipa,,,
개인정보 보호법,개인정보 보호법,제23조제1항,제23조,2022-04-27,2,verified,article_verified_by_korean_law_mcp,213857,2020-08-05,민감정보의 처리 제한
개인정보 보호법,개인정보 보호법,제26조제1항제3호,제26조,2025-07-23,1,verified,article_verified_by_korean_law_mcp,248613,2023-09-15,업무위탁에 따른 개인정보의 처리 제한
개인정보 보호법,개인정보 보호법,제26조제1항제3호,제26조,2025-11-26,1,verified,article_verified_by_korean_law_mcp,270351,2025-10-02,업무위탁에 따른 개인정보의 처리 제한
개인정보 보호법,개인정보 보호법,제27조제1항,제27조,2022-08-10,1,verified,article_verified_by_korean_law_mcp,213857,2020-08-05,영업양도 등에 따른 개인정보의 이전 제한
개인정보 보호법,개인정보 보호법,제27조제1항,제27조,2024-04-24,1,verified,article_verified_by_korean_law_mcp,248613,2023-09-15,영업양도 등에 따른 개인정보의 이전 제한
개인정보 보호법,개인정보 보호법,제27조제2항,제27조,2021-08-25,1,verified,article_verified_by_korean_law_mcp,213857,2020-08-05,영업양도 등에 따른 개인정보의 이전 제한
개인정보 보호법,개인정보 보호법,제27조제2항,제27조,2024-04-24,1,verified,article_verified_by_korean_law_mcp,248613,2023-09-15,영업양도 등에 따른 개인정보의 이전 제한
개인정보 보호법,개인정보 보호법,제28조의4제2항,제28조의4,2024-04-24,2,verified,article_verified_by_korean_law_mcp,248613,2023-09-15,가명정보에 대한 안전조치의무 등
개인정보보호 법규 위반에 대한 과징금 부과기준,,제28조의8제1항,제28조의8,2024-07-24,1,needs_review,needs_admin_rule_pass,,,
개인정보보호 법규 위반에 대한 과징금 부과기준,,제28조의8제1항,제28조의8,2024-09-25,1,needs_review,needs_admin_rule_pass,,,
개인정보 보호법,개인정보 보호법,제28조의8제1항,제28조의8,2025-01-22,2,verified,article_verified_by_korean_law_mcp,248613,2023-09-15,개인정보의 국외 이전
개인정보 보호법 및 시행령 개정사항 안내서(2023. 12. 29.),,제28조의8제1항제1호,제28조의8,2025-01-22,2,needs_review,skip_non_law_reference,,,
개인정보 보호법,개인정보 보호법,제28조의8제1항제1호,제28조의8,2025-01-22,2,verified,article_verified_by_korean_law_mcp,248613,2023-09-15,개인정보의 국외 이전
개인정보보호 법규 위반에 대한 과징금 부과기준4),,제29조,제29조,2025-04-09,1,needs_review,needs_admin_rule_pass,,,
개인정보보호 법규 위반에 대한 과징금 부과기준4),,제29조,제29조,2025-11-20,1,needs_review,needs_admin_rule_pass,,,
개인정보 보호법,개인정보 보호법,제29조의5제2항,제29조의5,2024-04-24,2,needs_review,article_not_found_in_inferred_default_pipa,,,
정보통신망 이용촉진 및 정보보호 등에 관한 법률,정보통신망 이용촉진 및 정보보호 등에 관한 법률,제2조제1항제1호,제2조,2024-10-23,1,verified,article_verified_by_korean_law_mcp,260225,2024-08-14,정의
정보통신망 이용촉진 및 정보보호 등에 관한 법률,정보통신망 이용촉진 및 정보보호 등에 관한 법률,제2조제1항제1호,제2조,2025-01-22,1,verified,article_verified_by_korean_law_mcp,260225,2024-08-14,정의
개인정보 보호법,개인정보 보호법,제30조제1항제8호,제30조,2023-06-28,1,verified,article_verified_by_korean_law_mcp,213857,2020-08-05,개인정보 처리방침의 수립 및 공개
개인정보 보호법,개인정보 보호법,제30조제1항제8호,제30조,2024-03-27,1,verified,article_verified_by_korean_law_mcp,248613,2023-09-15,개인정보 처리방침의 수립 및 공개
개인정보 보호법,개인정보 보호법,제31조제1항,제31조,2023-06-28,1,verified,article_verified_by_korean_law_mcp,213857,2020-08-05,개인정보 보호책임자의 지정
개인정보 보호법,개인정보 보호법,제31조제1항,제31조,2025-08-27,1,verified,article_verified_by_korean_law_mcp,248613,2023-09-15,개인정보 보호책임자의 지정 등
개인정보 보호법,개인정보 보호법,제32조제1항,제32조,2023-04-12,1,verified,article_verified_by_korean_law_mcp,213857,2020-08-05,개인정보파일의 등록 및 공개
개인정보 보호법,개인정보 보호법,제32조제1항,제32조,2025-01-22,1,verified,article_verified_by_korean_law_mcp,248613,2023-09-15,개인정보파일의 등록 및 공개
개인정보 보호법,개인정보 보호법,제34조,제34조,2023-05-10,1,verified,article_verified_by_korean_law_mcp,213857,2020-08-05,개인정보 유출 통지 등
개인정보 보호법,개인정보 보호법,제34조,제34조,2023-06-14,1,verified,article_verified_by_korean_law_mcp,213857,2020-08-05,개인정보 유출 통지 등
개인정보 보호법,개인정보 보호법,제35조의2,제35조의2,2024-07-24,1,verified,article_verified_by_korean_law_mcp,248613,2023-09-15,개인정보의 전송 요구
개인정보 보호법,개인정보 보호법,제35조의2,제35조의2,2025-05-14,1,verified,article_verified_by_korean_law_mcp,248613,2023-09-15,개인정보의 전송 요구
개인정보 보호법,개인정보 보호법,제37조의2,제37조의2,2024-07-24,1,verified,article_verified_by_korean_law_mcp,248613,2023-09-15,자동화된 결정에 대한 정보주체의 권리 등
개인정보 보호법,개인정보 보호법,제37조의2,제37조의2,2025-05-14,1,verified,article_verified_by_korean_law_mcp,248613,2023-09-15,자동화된 결정에 대한 정보주체의 권리 등
개인정보 보호법,개인정보 보호법,제38조제1항,제38조,2024-07-24,1,verified,article_verified_by_korean_law_mcp,248613,2023-09-15,권리행사의 방법 및 절차
개인정보 보호법,개인정보 보호법,제38조제1항,제38조,2025-05-14,1,verified,article_verified_by_korean_law_mcp,248613,2023-09-15,권리행사의 방법 및 절차
개인정보 보호법,개인정보 보호법,제39조,제39조,2022-02-23,1,verified,article_verified_by_korean_law_mcp,213857,2020-08-05,손해배상책임
개인정보 보호법,개인정보 보호법,제39조,제39조,2023-02-08,1,verified,article_verified_by_korean_law_mcp,213857,2020-08-05,손해배상책임
개인정보 보호법,개인정보 보호법,제39조의15제2항,제39조의15,2021-08-25,1,verified,article_verified_by_korean_law_mcp,213857,2020-08-05,과징금의 부과 등에 대한 특례
개인정보 보호법,개인정보 보호법,제39조의15제2항,제39조의15,2023-03-22,1,verified,article_verified_by_korean_law_mcp,213857,2020-08-05,과징금의 부과 등에 대한 특례
개인정보 보호법,개인정보 보호법,제39조의2,제39조의2,2021-01-27,1,verified,article_verified_by_korean_law_mcp,213857,2020-08-05,법정손해배상의 청구
개인정보 보호법,개인정보 보호법,제39조의2,제39조의2,2022-06-22,1,verified,article_verified_by_korean_law_mcp,213857,2020-08-05,법정손해배상의 청구
개인정보 보호법,개인정보 보호법,제39조의3제3항,제39조의3,2021-07-14,1,verified,article_verified_by_korean_law_mcp,213857,2020-08-05,개인정보의 수집ㆍ이용 동의 등에 대한 특례
개인정보 보호법,개인정보 보호법,제39조의3제3항,제39조의3,2023-02-08,1,verified,article_verified_by_korean_law_mcp,213857,2020-08-05,개인정보의 수집ㆍ이용 동의 등에 대한 특례
중소기업기본법,중소기업기본법,제39조의4,제39조의4,2022-08-10,1,not_found,article_not_found,,,
중소기업기본법,중소기업기본법,제39조의4,제39조의4,2025-06-11,1,not_found,article_not_found,,,
개인정보 보호법 위반에 대한 공표 및 공표명령 지침,,제3조제1항제3호,제3조,2025-12-10,1,needs_review,needs_admin_rule_pass,,,
개인정보 보호법 위반에 대한 공표 및 공표명령 지침,,제3조제1항제3호,제3조,2026-03-25,1,needs_review,needs_admin_rule_pass,,,
개인정보 보호 법규 위반에 대한 징계권고 기준,,제3조제1항제4호,제3조,2025-01-08,1,not_found,law_not_found,,,
개인정보 보호 법규 위반에 대한 징계권고 기준,,제3조제1항제4호,제3조,2026-03-25,1,not_found,law_not_found,,,
개인정보 보호법,개인정보 보호법,제3조제8항,제3조,2024-06-12,1,verified,article_verified_by_korean_law_mcp,248613,2023-09-15,개인정보 보호 원칙
개인정보 보호법,개인정보 보호법,제3조제8항,제3조,2025-04-23,1,verified,article_verified_by_korean_law_mcp,248613,2023-09-15,개인정보 보호 원칙
"주민등록번호 유출 등에 대한 과징금 부과기준(고시 제2022-4호, 2022.10.20., 이하 ‘舊과징금 부과기준’)",,제40조의2,제40조의2,2023-10-11,2,needs_review,needs_admin_rule_pass,,,
근로기준법,근로기준법,제42조,제42조,2023-02-08,1,verified,article_verified_by_korean_law_mcp,232199,2021-11-19,계약 서류의 보존
근로기준법,근로기준법,제42조,제42조,2023-04-26,1,verified,article_verified_by_korean_law_mcp,232199,2021-11-19,계약 서류의 보존
개인정보 보호법,개인정보 보호법,제47조제2항,제47조,2023-07-26,1,verified,article_verified_by_korean_law_mcp,213857,2020-08-05,분쟁의 조정
개인정보 보호법,개인정보 보호법,제47조제2항,제47조,2026-01-28,1,verified,article_verified_by_korean_law_mcp,270351,2025-10-02,분쟁의 조정
개인정보 보호법,개인정보 보호법,제48조의4제3항,제48조의4,2023-03-08,1,needs_review,article_not_found_in_inferred_default_pipa,,,
개인정보 보호법,개인정보 보호법,제48조의4제3항,제48조의4,2023-03-22,1,needs_review,article_not_found_in_inferred_default_pipa,,,
개인정보 보호법,개인정보 보호법,제4조제1호,제4조,2022-09-14,1,verified,article_verified_by_korean_law_mcp,213857,2020-08-05,정보주체의 권리
개인정보 보호법,개인정보 보호법,제4조제1호,제4조,2024-06-12,1,verified,article_verified_by_korean_law_mcp,248613,2023-09-15,정보주체의 권리
개인정보 보호법,개인정보 보호법,제4조제3항제1호,제4조,2025-07-23,1,partially_verified,base_article_verified_but_paragraph_not_found,248613,2023-09-15,정보주체의 권리
개인정보 보호법,개인정보 보호법,제4조제3항제1호,제4조,2025-12-10,1,partially_verified,base_article_verified_but_paragraph_not_found,270351,2025-10-02,정보주체의 권리
개인정보 보호법,개인정보 보호법,제58조제1항,제58조,2024-02-14,2,verified,article_verified_by_korean_law_mcp,248613,2023-09-15,적용의 일부 제외
개인정보 보호법,개인정보 보호법,제58조제1항제3호,제58조,2024-02-14,2,verified,article_verified_by_korean_law_mcp,248613,2023-09-15,적용의 일부 제외
개인정보 보호법,개인정보 보호법,제5조제3항,제5조,2023-03-08,2,verified,article_verified_by_korean_law_mcp,213857,2020-08-05,국가 등의 책무
개인정보 보호법,개인정보 보호법,제60조,제60조,2023-07-26,1,verified,article_verified_by_korean_law_mcp,213857,2020-08-05,비밀유지 등
개인정보 보호법,개인정보 보호법,제60조,제60조,2025-11-20,1,verified,article_verified_by_korean_law_mcp,270351,2025-10-02,비밀유지 등
"개인정보 보호법 위반에 대한 과태료 부과기준(개인정보위 지침, ’23.9.15.시행)",,제63조,제63조,2024-04-24,1,needs_review,needs_admin_rule_pass,,,
"개인정보 보호법 위반에 대한 과태료 부과기준(개인정보위 지침, ’23.9.15.시행)",,제63조,제63조,2024-11-04,1,needs_review,needs_admin_rule_pass,,,
개인정보 보호법,개인정보 보호법,제63조제1항,제63조,2021-08-25,2,verified,article_verified_by_korean_law_mcp,213857,2020-08-05,자료제출 요구 및 검사
개인정보 보호법,개인정보 보호법,제64조,제64조,2022-08-10,1,verified,article_verified_by_korean_law_mcp,213857,2020-08-05,시정조치 등
개인정보 보호법,개인정보 보호법,제64조,제64조,2023-04-12,1,verified,article_verified_by_korean_law_mcp,213857,2020-08-05,시정조치 등
개인정보 보호법 위반에 대한 과징금 부과기준,,제64조의2제1항,제64조의2,2024-09-25,1,needs_review,needs_admin_rule_pass,,,
개인정보 보호법 위반에 대한 과징금 부과기준,,제64조의2제1항,제64조의2,2024-11-13,1,needs_review,needs_admin_rule_pass,,,
개인정보보호 법규 위반에 대한 과징금 부과기준4),,제64조의2제1항,제64조의2,2025-04-09,1,needs_review,needs_admin_rule_pass,,,
개인정보보호 법규 위반에 대한 과징금 부과기준4),,제64조의2제1항,제64조의2,2025-11-20,1,needs_review,needs_admin_rule_pass,,,
개인정보 보호법,개인정보 보호법,제64조의2제1항제1호,제64조의2,2024-09-25,1,verified,article_verified_by_korean_law_mcp,248613,2023-09-15,과징금의 부과
개인정보 보호법,개인정보 보호법,제64조의2제1항제1호,제64조의2,2025-03-26,1,verified,article_verified_by_korean_law_mcp,248613,2023-09-15,과징금의 부과
개인정보 보호법,개인정보 보호법,제66조,제66조,2021-09-08,1,verified,article_verified_by_korean_law_mcp,213857,2020-08-05,결과의 공표
개인정보 보호법,개인정보 보호법,제66조,제66조,2023-05-10,1,verified,article_verified_by_korean_law_mcp,213857,2020-08-05,결과의 공표
개인정보 보호법 위반에 대한 공표 및 공표명령 지침,,제6조제1항제2호,제6조,2025-06-11,2,needs_review,needs_admin_rule_pass,,,
개인정보 보호법,개인정보 보호법,제75조제4항,제75조,2024-04-24,2,verified,article_verified_by_korean_law_mcp,248613,2023-09-15,과태료
개인정보 보호법,개인정보 보호법,제75조제4항제1호,제75조,2022-05-25,1,verified,article_verified_by_korean_law_mcp,213857,2020-08-05,과태료
개인정보 보호법,개인정보 보호법,제75조제4항제1호,제75조,2023-02-08,1,verified,article_verified_by_korean_law_mcp,213857,2020-08-05,과태료
개인정보 보호법,개인정보 보호법,제76조제1항제2호,제76조,2022-03-23,2,partially_verified,base_article_verified_but_paragraph_not_found,213857,2020-08-05,과태료에 관한 규정 적용의 특례
舊 개인정보보호법 위반에 대한 과태료 부과기준,,제8조,제8조,2024-04-24,2,needs_review,needs_admin_rule_pass,,,
개인정보 보호법,개인정보 보호법,제8조제2항,제8조,2023-03-08,2,partially_verified,base_article_verified_but_paragraph_not_found,213857,2020-08-05,
전기통신사업법,전기통신사업법,제8조제2항,제8조,2025-07-23,2,verified,article_verified_by_korean_law_mcp,268545,2025-07-22,외국정부 또는 외국인의 주식소유 제한
개인정보 보호법 위반에 대한 공표 및 공표명령 지침,,제11조,제11조,2025-05-14,1,needs_review,needs_admin_rule_pass,,,
소득세법,소득세법,제127조,제127조,2025-07-23,1,verified,article_verified_by_korean_law_mcp,267581,2025-01-01,원천징수의무
산업안전보건법,산업안전보건법,제129조,제129조,2023-05-10,1,verified,article_verified_by_korean_law_mcp,234717,2022-08-18,일반건강진단
개인정보 보호법,개인정보 보호법,제12조의2,제12조의2,2022-04-27,1,needs_review,article_not_found_in_inferred_default_pipa,,,
출입국관리법,출입국관리법,제12조의2,제12조의2,2022-04-27,1,verified,article_verified_by_korean_law_mcp,233833,2021-07-13,입국 시 생체정보의 제공 등
개인정보 보호법,개인정보 보호법,제12조의2제1항,제12조의2,2022-04-27,1,needs_review,article_not_found_in_inferred_default_pipa,,,
개인정보 보호법,개인정보 보호법,제12조제2항,제12조,2025-03-26,1,verified,article_verified_by_korean_law_mcp,248613,2023-09-15,개인정보 보호지침
여신전문금융업법,여신전문금융업법,제14조의2,제14조의2,2025-03-26,1,verified,article_verified_by_korean_law_mcp,248927,2023-06-22,신용카드회원의 모집
개인정보 보호법,개인정보 보호법,제15조,제15조,2022-08-10,1,verified,article_verified_by_korean_law_mcp,213857,2020-08-05,개인정보의 수집ㆍ이용
학원의 설립․운영 및 과외교습에 관한 법률,학원의 설립ㆍ운영 및 과외교습에 관한 법률,제15조의5제2항,제15조의5,2023-11-08,1,verified,article_verified_by_korean_law_mcp,249991,2023-10-19,정보의 공개
중소기업기본법,중소기업기본법,제15조제1항,제15조,2022-06-22,1,partially_verified,base_article_verified_but_paragraph_not_found,225107,2021-12-30,인력 확보의 지원
개인정보 보호법,개인정보 보호법,제15조제1항제4호,제15조,2023-11-22,1,verified,article_verified_by_korean_law_mcp,248613,2023-09-15,개인정보의 수집ㆍ이용
개인정보 보호법,개인정보 보호법,제15조제1항제5호,제15조,2024-01-24,1,verified,article_verified_by_korean_law_mcp,248613,2023-09-15,개인정보의 수집ㆍ이용
개인정보 보호법,개인정보 보호법,제15조제1항제6호,제15조,2022-06-22,1,verified,article_verified_by_korean_law_mcp,213857,2020-08-05,개인정보의 수집ㆍ이용
중소기업기본법,중소기업기본법,제15조제2항,제15조,2023-03-22,1,partially_verified,base_article_verified_but_paragraph_not_found,245321,2022-11-15,인력 확보의 지원
개인정보 보호법,개인정보 보호법,제15조제2항제2호,제15조,2023-06-28,1,verified,article_verified_by_korean_law_mcp,213857,2020-08-05,개인정보의 수집ㆍ이용
여신전문금융업법,여신전문금융업법,제16조의2,제16조의2,2025-03-26,1,verified,article_verified_by_korean_law_mcp,248927,2023-06-22,가맹점의 모집 등
학원의 설립․운영 및 과외교습에 관한 법률,학원의 설립ㆍ운영 및 과외교습에 관한 법률,제17조의4,제17조의4,2023-11-08,1,not_found,article_not_found,,,
개인정보 보호법,개인정보 보호법,제17조제1항제1호,제17조,2022-11-30,1,verified,article_verified_by_korean_law_mcp,213857,2020-08-05,개인정보의 제공
청소년 보호법,청소년 보호법,제17조제1항제1호,제17조,2025-07-23,1,verified,article_verified_by_korean_law_mcp,270821,2025-04-22,구분ㆍ격리 등
개인정보 보호법,개인정보 보호법,제17조제1항제4호,제17조,2022-09-14,1,verified,article_verified_by_korean_law_mcp,213857,2020-08-05,개인정보의 제공
개인정보 보호법,개인정보 보호법,제18조,제18조,2023-03-22,1,verified,article_verified_by_korean_law_mcp,213857,2020-08-05,개인정보의 목적 외 이용ㆍ제공 제한
개인정보 보호법,개인정보 보호법,제18조제2항,제18조,2022-03-23,1,verified,article_verified_by_korean_law_mcp,213857,2020-08-05,개인정보의 목적 외 이용ㆍ제공 제한
학점인정 등에 관한 법률 시행령,학점인정 등에 관한 법률 시행령,제19조의2,제19조의2,2025-11-20,1,verified,article_verified_by_korean_law_mcp,268313,2025-01-17,고유식별정보의 처리
개인정보 보호법,개인정보 보호법,제20조,제20조,2023-06-14,1,verified,article_verified_by_korean_law_mcp,213857,2020-08-05,정보주체 이외로부터 수집한 개인정보의 수집 출처 등 고지
개인정보 보호법,개인정보 보호법,제20조의2,제20조의2,2021-01-27,1,needs_review,article_not_found_in_inferred_default_pipa,,,
질서위반행위규제법,질서위반행위규제법,제20조제1항,제20조,2023-11-22,1,verified,article_verified_by_korean_law_mcp,224847,2021-01-01,이의제기
의료법,의료법,제21조,제21조,2023-11-22,1,verified,article_verified_by_korean_law_mcp,251195,2023-11-20,기록 열람 등
소득세법,소득세법,제21조,제21조,2025-07-23,1,verified,article_verified_by_korean_law_mcp,267581,2025-01-01,기타소득
개인정보 보호법,개인정보 보호법,제21조의2,제21조의2,2024-02-14,1,needs_review,article_not_found_in_inferred_default_pipa,,,
개인정보 보호법,개인정보 보호법,제21조의2제1항,제21조의2,2025-11-20,1,needs_review,article_not_found_in_inferred_default_pipa,,,
개인정보 보호법,개인정보 보호법,제21조의2제3항,제21조의2,2025-11-20,1,needs_review,article_not_found_in_inferred_default_pipa,,,
근로기준법,근로기준법,제21조제1항,제21조,2023-04-26,1,partially_verified,base_article_verified_but_paragraph_not_found,232199,2021-11-19,전차금 상계의 금지
의료법,의료법,제21조제2항,제21조,2023-11-22,1,verified,article_verified_by_korean_law_mcp,251195,2023-11-20,기록 열람 등
중소기업기본법,중소기업기본법,제21조제3항,제21조,2023-02-08,1,verified,article_verified_by_korean_law_mcp,245321,2022-11-15,중소기업 실태조사
장애인등에 대한 특수교육법,장애인 등에 대한 특수교육법,제22조,제22조,2023-07-26,1,verified,article_verified_by_korean_law_mcp,244921,2023-04-19,개별화교육
의료법,의료법,제22조,제22조,2023-11-22,1,verified,article_verified_by_korean_law_mcp,251195,2023-11-20,진료기록부 등
의료법,의료법,제22조제1항,제22조,2023-11-22,1,verified,article_verified_by_korean_law_mcp,251195,2023-11-20,진료기록부 등
중소기업기본법,중소기업기본법,제22조제5항,제22조,2023-04-26,1,verified,article_verified_by_korean_law_mcp,245321,2022-11-15,중소기업 옴부즈만의 설치
舊 개인정보보호 법규 위반에 대한 과징금 부과기준,,제22조제6항,제22조,2024-08-28,1,needs_review,needs_admin_rule_pass,,,
개인정보 보호법,개인정보 보호법,제235조,제235조,2025-02-26,1,needs_review,article_not_found_in_inferred_default_pipa,,,
개인정보 보호법,개인정보 보호법,제23조의2,제23조의2,2022-04-27,1,needs_review,article_not_found_in_inferred_default_pipa,,,
개인정보 보호법,개인정보 보호법,제23조의3,제23조의3,2022-04-27,1,needs_review,article_not_found_in_inferred_default_pipa,,,
개인정보 보호법,개인정보 보호법,제23조제1항제2호,제23조,2022-04-27,1,verified,article_verified_by_korean_law_mcp,213857,2020-08-05,민감정보의 처리 제한
의료법,의료법,제23조제1항제2호,제23조,2023-11-22,1,verified,article_verified_by_korean_law_mcp,251195,2023-11-20,전자의무기록
개인정보 보호법,개인정보 보호법,제23조제1항제2호,제23조,2023-11-22,1,verified,article_verified_by_korean_law_mcp,248613,2023-09-15,민감정보의 처리 제한
개인정보 보호법,개인정보 보호법,제24조,제24조,2023-05-10,1,verified,article_verified_by_korean_law_mcp,213857,2020-08-05,고유식별정보의 처리 제한
개인정보 보호법,개인정보 보호법,제24조의2,제24조의2,2022-03-23,1,verified,article_verified_by_korean_law_mcp,213857,2020-08-05,주민등록번호 처리의 제한
개인정보 보호법,개인정보 보호법,제24조의2제2항,제24조의2,2022-05-25,1,verified,article_verified_by_korean_law_mcp,213857,2020-08-05,주민등록번호 처리의 제한
중소기업기본법,중소기업기본법,제24조의2제2항,제24조의2,2022-09-28,1,not_found,article_not_found,,,
개인정보 보호법,개인정보 보호법,제24조의2제3항,제24조의2,2024-09-25,1,verified,article_verified_by_korean_law_mcp,248613,2023-09-15,주민등록번호 처리의 제한
개인정보 보호 법규 위반에 대한 징계권고 기준,,제24조제1항,제24조,2025-01-08,1,not_found,law_not_found,,,
개인정보 보호법,개인정보 보호법,제24조제1항제2호,제24조,2023-11-22,1,verified,article_verified_by_korean_law_mcp,248613,2023-09-15,고유식별정보의 처리 제한
중소기업기본법,중소기업기본법,제24조제3항,제24조,2023-02-08,1,partially_verified,base_article_verified_but_paragraph_not_found,245321,2022-11-15,행정지원 등
개인정보 보호법,개인정보 보호법,제24조제3항,제24조,2023-05-10,1,verified,article_verified_by_korean_law_mcp,213857,2020-08-05,고유식별정보의 처리 제한
개인정보 보호법 위반에 대한 과징금 부과기준,,제24조제3항,제24조,2024-11-13,1,needs_review,needs_admin_rule_pass,,,
초·중등교육법,초ㆍ중등교육법,제25조의2,제25조의2,2023-07-26,1,not_found,article_not_found,,,
개인정보 보호법,개인정보 보호법,제25조제1항,제25조,2022-04-27,1,verified,article_verified_by_korean_law_mcp,213857,2020-08-05,영상정보처리기기의 설치ㆍ운영 제한
국세기본법,국세기본법,제26조의2제1항,제26조의2,2023-02-08,1,verified,article_verified_by_korean_law_mcp,247433,2023-01-01,국세의 부과제척기간
개인정보 보호법,개인정보 보호법,제26조제5항,제26조,2025-01-22,1,verified,article_verified_by_korean_law_mcp,248613,2023-09-15,업무위탁에 따른 개인정보의 처리 제한
개인정보 보호법,개인정보 보호법,제27조,제27조,2022-08-10,1,verified,article_verified_by_korean_law_mcp,213857,2020-08-05,영업양도 등에 따른 개인정보의 이전 제한
개인정보 보호법,개인정보 보호법,제27조의2,제27조의2,2023-07-26,1,needs_review,article_not_found_in_inferred_default_pipa,,,
개인정보 보호법,개인정보 보호법,제27조제3항,제27조,2025-01-22,1,verified,article_verified_by_korean_law_mcp,248613,2023-09-15,영업양도 등에 따른 개인정보의 이전 제한
출입국관리법,출입국관리법,제28조,제28조,2022-04-27,1,verified,article_verified_by_korean_law_mcp,233833,2021-07-13,출국심사
개인정보 보호법,개인정보 보호법,제28조,제28조,2022-08-10,1,verified,article_verified_by_korean_law_mcp,213857,2020-08-05,개인정보취급자에 대한 감독
개인정보 보호법,개인정보 보호법,제28조의11,제28조의11,2024-07-24,1,verified,article_verified_by_korean_law_mcp,248613,2023-09-15,준용규정
개인정보 보호법,개인정보 보호법,제28조의2,제28조의2,2022-04-27,1,verified,article_verified_by_korean_law_mcp,213857,2020-08-05,가명정보의 처리 등
개인정보 보호법,개인정보 보호법,제28조의2제1항,제28조의2,2024-04-24,1,verified,article_verified_by_korean_law_mcp,248613,2023-09-15,가명정보의 처리 등
개인정보 보호법,개인정보 보호법,제28조의3,제28조의3,2025-11-26,1,verified,article_verified_by_korean_law_mcp,270351,2025-10-02,가명정보의 결합 제한
개인정보 보호법,개인정보 보호법,제28조의3제1항,제28조의3,2022-04-27,1,verified,article_verified_by_korean_law_mcp,213857,2020-08-05,가명정보의 결합 제한
개인정보 보호법,개인정보 보호법,제28조의4,제28조의4,2024-04-24,1,verified,article_verified_by_korean_law_mcp,248613,2023-09-15,가명정보에 대한 안전조치의무 등
개인정보 보호법,개인정보 보호법,제28조의5제1항,제28조의5,2024-01-24,1,verified,article_verified_by_korean_law_mcp,248613,2023-09-15,가명정보 처리 시 금지의무 등
개인정보 보호법,개인정보 보호법,제28조의8제1항제1호,제28조의8,2025-01-22,1,verified,article_verified_by_korean_law_mcp,248613,2023-09-15,개인정보의 국외 이전
개인정보 보호법,개인정보 보호법,제28조의8제1항제3호,제28조의8,2025-01-22,1,verified,article_verified_by_korean_law_mcp,248613,2023-09-15,개인정보의 국외 이전
개인정보 보호법,개인정보 보호법,제28조의8제4항,제28조의8,2024-07-24,1,verified,article_verified_by_korean_law_mcp,248613,2023-09-15,개인정보의 국외 이전
개인정보 보호법,개인정보 보호법,제28조제1항,제28조,2022-06-22,1,verified,article_verified_by_korean_law_mcp,213857,2020-08-05,개인정보취급자에 대한 감독
표준 개인정보 보호지침,,제28조제1항,제28조,2023-02-08,1,needs_review,needs_admin_rule_pass,,,
개인정보 보호법,개인정보 보호법,제28조제1항제6호,제28조,2023-06-28,1,verified,article_verified_by_korean_law_mcp,213857,2020-08-05,개인정보취급자에 대한 감독
청소년 보호법,청소년 보호법,제28조제4항,제28조,2025-07-23,1,verified,article_verified_by_korean_law_mcp,270821,2025-04-22,청소년유해약물등의 판매ㆍ대여 등의 금지
개인정보 보호법 시행령,개인정보 보호법 시행령,제29조,제29조,2022-08-10,1,verified,article_verified_by_korean_law_mcp,241195,2022-03-08,영업양도 등에 따른 개인정보 이전의 통지
개인정보 보호법 위반에 대한 과태료 부과기준,,제29조,제29조,2023-04-26,1,needs_review,needs_admin_rule_pass,,,
개인정보 보호법,개인정보 보호법,제29조의10제1항제1호,제29조의10,2024-07-24,1,needs_review,article_not_found_in_inferred_default_pipa,,,
개인정보 보호법,개인정보 보호법,제29조의10제2항,제29조의10,2024-07-24,1,needs_review,article_not_found_in_inferred_default_pipa,,,
개인정보 보호법,개인정보 보호법,제29조의5제1항,제29조의5,2024-04-24,1,needs_review,article_not_found_in_inferred_default_pipa,,,
개인정보 보호법,개인정보 보호법,제29조의5제1항제1호,제29조의5,2024-04-24,1,needs_review,article_not_found_in_inferred_default_pipa,,,
개인정보 보호법,개인정보 보호법,제29조의7,제29조의7,2025-01-22,1,needs_review,article_not_found_in_inferred_default_pipa,,,
개인정보 보호법 시행령,개인정보 보호법 시행령,제2조,제2조,2022-08-10,1,verified,article_verified_by_korean_law_mcp,241195,2022-03-08,공공기관의 범위
개인정보 보호법,개인정보 보호법,제2조,제2조,2023-11-22,1,verified,article_verified_by_korean_law_mcp,248613,2023-09-15,정의
개인정보 보호법 위반에 대한 공표 및 공표명령 지침(’23.10.11. 시행),,제2조,제2조,2024-01-24,1,needs_review,needs_admin_rule_pass,,,
중소기업 기본법,중소기업기본법,제2조,제2조,2025-11-20,1,verified,article_verified_by_korean_law_mcp,260843,2024-08-28,중소기업자의 범위
중소기업기 본법,중소기업기본법,제2조,제2조,2025-11-20,1,verified,article_verified_by_korean_law_mcp,260843,2024-08-28,중소기업자의 범위
질서위반행위규제법 시행령,질서위반행위규제법 시행령,제2조의2제1항,제2조의2,2022-08-10,1,verified,article_verified_by_korean_law_mcp,228847,2021-02-05,과태료 감경
개인정보 보호법,개인정보 보호법,제2조제15호,제2조,2022-04-27,1,verified,article_verified_by_korean_law_mcp,213857,2020-08-05,정의
출입국관리법,출입국관리법,제2조제15호,제2조,2022-04-27,1,verified,article_verified_by_korean_law_mcp,233833,2021-07-13,정의
개인정보 보호법,개인정보 보호법,제2조제1항,제2조,2022-03-23,1,partially_verified,base_article_verified_but_paragraph_not_found,213857,2020-08-05,정의
정보통신망 이용 촉진 및 정보보호 등에 관한 법률,정보통신망 이용촉진 및 정보보호 등에 관한 법률,제2조제1항제3호,제2조,2024-03-27,1,verified,article_verified_by_korean_law_mcp,247261,2023-07-04,정의
개인정보 보호법,개인정보 보호법,제2조제1항제6호,제2조,2021-08-25,1,partially_verified,base_article_verified_but_paragraph_not_found,213857,2020-08-05,정의
전자문서 및 전자거래 기본법,전자문서 및 전자거래 기본법,제2조제1호,제2조,2022-09-14,1,verified,article_verified_by_korean_law_mcp,218883,2020-12-10,정의
개인정보 보호법,개인정보 보호법,제2조제22항,제2조,2021-01-27,1,partially_verified,base_article_verified_but_paragraph_not_found,213857,2020-08-05,정의
개인정보 보호법,개인정보 보호법,제2조제2호,제2조,2025-12-10,1,verified,article_verified_by_korean_law_mcp,270351,2025-10-02,정의
한국연구재단법,한국연구재단법,제2조제2호,제2조,2026-01-28,1,verified,article_verified_by_korean_law_mcp,276253,2025-10-01,법인
"<br>으로, 같은 법</td><td>개인정보 보호법",,제2조제2호,제2조,2026-03-25,1,not_found,law_not_found,,,
개인정보 보호법,개인정보 보호법,제2조제3호,제2조,2026-03-25,1,verified,article_verified_by_korean_law_mcp,270351,2025-10-02,정의
개인정보 보호법,개인정보 보호법,제2조제4호,제2조,2022-05-25,1,verified,article_verified_by_korean_law_mcp,213857,2020-08-05,정의
청소년 보호법,청소년 보호법,제2조제4호,제2조,2025-07-23,1,verified,article_verified_by_korean_law_mcp,270821,2025-04-22,정의
개인정보 보호법,개인정보 보호법,제2조제5항,제2조,2022-09-14,1,partially_verified,base_article_verified_but_paragraph_not_found,213857,2020-08-05,정의
민법,민법,제2조제5호,제2조,2022-05-25,1,verified,article_verified_by_korean_law_mcp,228813,2021-01-26,신의성실
지방자치법,지방자치법,제2조제5호,제2조,2022-05-25,1,verified,article_verified_by_korean_law_mcp,238325,2022-01-13,지방자치단체의 종류
한국연구재단법,한국연구재단법,제2조제5호,제2조,2026-01-28,1,verified,article_verified_by_korean_law_mcp,276253,2025-10-01,법인
| 지방자치법,,제2조제5호,제2조,2026-03-25,1,not_found,law_not_found,,,
전자서명법,전자서명법,제2조제6호,제2조,2025-07-23,1,verified,article_verified_by_korean_law_mcp,236201,2022-10-20,정의
한국연구재단법,한국연구재단법,제2조제6호,제2조,2026-01-28,1,verified,article_verified_by_korean_law_mcp,276253,2025-10-01,법인
| 지방자치법,,제2조제6호,제2조,2026-03-25,1,not_found,law_not_found,,,
개인정보 보호법,개인정보 보호법,제2조제8호,제2조,2022-06-22,1,verified,article_verified_by_korean_law_mcp,213857,2020-08-05,정의
개인정보 보호법 시행령,개인정보 보호법 시행령,제30조,제30조,2022-08-10,1,verified,article_verified_by_korean_law_mcp,241195,2022-03-08,개인정보의 안전성 확보 조치
개인정보 보호법,개인정보 보호법,제30조,제30조,2025-02-26,1,verified,article_verified_by_korean_law_mcp,248613,2023-09-15,개인정보 처리방침의 수립 및 공개
개인정보 보호법,개인정보 보호법,제30조의2제1항제3호,제30조의2,2024-11-27,1,verified,article_verified_by_korean_law_mcp,248613,2023-09-15,개인정보 처리방침의 평가 및 개선권고
개인정보 보호법,개인정보 보호법,제30조제1항제1호,제30조,2022-05-25,1,verified,article_verified_by_korean_law_mcp,213857,2020-08-05,개인정보 처리방침의 수립 및 공개
개인정보 보호법,개인정보 보호법,제31조의2,제31조의2,2023-10-11,1,verified,article_verified_by_korean_law_mcp,248613,2023-09-15,국내대리인의 지정
개인정보 보호법,개인정보 보호법,제31조의2제1항,제31조의2,2025-05-14,1,verified,article_verified_by_korean_law_mcp,248613,2023-09-15,국내대리인의 지정
개인정보 보호법,개인정보 보호법,제31조의2제3항,제31조의2,2023-10-11,1,verified,article_verified_by_korean_law_mcp,248613,2023-09-15,국내대리인의 지정
개인정보 보호법,개인정보 보호법,제31조의2제3항,제31조의2,2024-07-24,1,verified,article_verified_by_korean_law_mcp,248613,2023-09-15,국내대리인의 지정
개인정보 보호법,개인정보 보호법,제31조제2항,제31조,2025-05-14,1,verified,article_verified_by_korean_law_mcp,248613,2023-09-15,개인정보 보호책임자의 지정 등
개인정보 보호법,개인정보 보호법,제31조제3항,제31조,2025-08-27,1,verified,article_verified_by_korean_law_mcp,248613,2023-09-15,개인정보 보호책임자의 지정 등
민법,민법,제32조,제32조,2022-05-25,1,verified,article_verified_by_korean_law_mcp,228813,2021-01-26,비영리법인의 설립과 허가
개인정보보호 법규 위반에 대한 과징금 부과기준,,제32조,제32조,2025-07-23,1,needs_review,needs_admin_rule_pass,,,
개인정보 보호법,개인정보 보호법,제32조제1항,제32조,2023-04-12,1,verified,article_verified_by_korean_law_mcp,213857,2020-08-05,개인정보파일의 등록 및 공개
개인정보 보호법,개인정보 보호법,제32조제6항,제32조,2021-01-27,1,verified,article_verified_by_korean_law_mcp,213857,2020-08-05,개인정보파일의 등록 및 공개
개인정보 보호법,개인정보 보호법,제33조의2제2항,제33조의2,2021-01-27,1,needs_review,article_not_found_in_inferred_default_pipa,,,
감염병의 예방 및 관리에 관한 법률,감염병의 예방 및 관리에 관한 법률,제33조의4,제33조의4,2023-07-26,1,verified,article_verified_by_korean_law_mcp,251735,2023-06-13,예방접종통합관리시스템의 구축ㆍ운영 등
개인정보 보호법,개인정보 보호법,제33조제1항,제33조,2024-02-14,1,verified,article_verified_by_korean_law_mcp,248613,2023-09-15,개인정보 영향평가
개인정보 보호법 위반에 대한 과태료 부과기준,,제34조의2,제34조의2,2025-01-08,1,needs_review,needs_admin_rule_pass,,,
개인정보 보호법,개인정보 보호법,제34조제2항,제34조,2025-05-02,1,verified,article_verified_by_korean_law_mcp,248613,2023-09-15,개인정보 유출 등의 통지ㆍ신고
개인정보 보호법,개인정보 보호법,제35조,제35조,2023-03-08,1,verified,article_verified_by_korean_law_mcp,213857,2020-08-05,개인정보의 열람
개인정보 보호법,개인정보 보호법,제35조의2,제35조의2,2023-11-22,1,verified,article_verified_by_korean_law_mcp,248613,2023-09-15,개인정보의 전송 요구
개인정보 보호법,개인정보 보호법,제35조의2제1항,제35조의2,2023-11-22,1,verified,article_verified_by_korean_law_mcp,248613,2023-09-15,개인정보의 전송 요구
의료법,의료법,제35조의2제1항,제35조의2,2023-11-22,1,not_found,article_not_found,,,
개인정보 보호법,개인정보 보호법,제35조의2제1항,제35조의2,2023-11-22,1,verified,article_verified_by_korean_law_mcp,248613,2023-09-15,개인정보의 전송 요구
의료법,의료법,제35조의2제1항제1호,제35조의2,2023-11-22,1,not_found,article_not_found,,,
개인정보 보호법,개인정보 보호법,제35조의2제1항제1호,제35조의2,2023-11-22,1,verified,article_verified_by_korean_law_mcp,248613,2023-09-15,개인정보의 전송 요구
개인정보 보호법,개인정보 보호법,제35조의2제1항제2호,제35조의2,2023-11-22,1,verified,article_verified_by_korean_law_mcp,248613,2023-09-15,개인정보의 전송 요구
지방세기본법,지방세기본법,제35조의2제4항,제35조의2,2023-11-22,1,partially_verified,base_article_verified_but_paragraph_not_found,250695,2023-05-04,수정신고의 효력
개인정보 보호법,개인정보 보호법,제35조의2제4항,제35조의2,2023-11-22,1,verified,article_verified_by_korean_law_mcp,248613,2023-09-15,개인정보의 전송 요구
개인정보 보호법,개인정보 보호법,제35조의2제4항제3호,제35조의2,2023-11-22,1,verified,article_verified_by_korean_law_mcp,248613,2023-09-15,개인정보의 전송 요구
개인정보 보호법,개인정보 보호법,제35조의2제4항제3호,제35조의2,2023-11-22,1,verified,article_verified_by_korean_law_mcp,248613,2023-09-15,개인정보의 전송 요구
의료법,의료법,제35조의2제4항제3호,제35조의2,2023-11-22,1,not_found,article_not_found,,,
개인정보 보호법,개인정보 보호법,제35조제3항,제35조,2022-08-10,1,verified,article_verified_by_korean_law_mcp,213857,2020-08-05,개인정보의 열람
개인정보 보호법,개인정보 보호법,제35조제4항,제35조,2023-03-08,1,verified,article_verified_by_korean_law_mcp,213857,2020-08-05,개인정보의 열람
개인정보 보호법,개인정보 보호법,제35조제5항,제35조,2023-03-08,1,verified,article_verified_by_korean_law_mcp,213857,2020-08-05,개인정보의 열람
보안업무규정,보안업무규정,제36조,제36조,2023-05-10,1,verified,article_verified_by_korean_law_mcp,225717,2021-01-01,신원조사
한국장학재단 설립 등에 관한 법률 시행령,한국장학재단 설립 등에 관한 법률 시행령,제36조의2,제36조의2,2024-01-24,1,verified,article_verified_by_korean_law_mcp,238955,2023-01-01,민감정보 및 고유식별정보의 처리
개인정보 보호법,개인정보 보호법,제37조,제37조,2023-06-14,1,verified,article_verified_by_korean_law_mcp,213857,2020-08-05,개인정보의 처리정지 등
개인정보 보호법,개인정보 보호법,제37조제2항,제37조,2021-01-27,1,verified,article_verified_by_korean_law_mcp,213857,2020-08-05,개인정보의 처리정지 등
개인정보 보호법,개인정보 보호법,제39조의12,제39조의12,2021-08-25,1,verified,article_verified_by_korean_law_mcp,213857,2020-08-05,국외 이전 개인정보의 보호
舊 개인정보보호 법규 위반에 대한 과징금 부과기준,,제39조의15,제39조의15,2024-08-28,1,needs_review,needs_admin_rule_pass,,,
개인정보 보호법,개인정보 보호법,제39조의15제1항제1호,제39조의15,2023-06-28,1,verified,article_verified_by_korean_law_mcp,213857,2020-08-05,과징금의 부과 등에 대한 특례
개인정보 보호법,개인정보 보호법,제39조의15제4항,제39조의15,2022-03-23,1,verified,article_verified_by_korean_law_mcp,213857,2020-08-05,과징금의 부과 등에 대한 특례
개인정보 보호법,개인정보 보호법,제39조의3제2항제2호,제39조의3,2023-06-28,1,verified,article_verified_by_korean_law_mcp,213857,2020-08-05,개인정보의 수집ㆍ이용 동의 등에 대한 특례
개인정보 보호법,개인정보 보호법,제39조의4제1항제3호,제39조의4,2023-03-22,1,verified,article_verified_by_korean_law_mcp,213857,2020-08-05,개인정보 유출등의 통지ㆍ신고에 대한 특례
개인정보 보호법,개인정보 보호법,제39조의9,제39조의9,2023-03-08,1,verified,article_verified_by_korean_law_mcp,213857,2020-08-05,손해배상의 보장
출입국관리법,출입국관리법,제3조,제3조,2022-04-27,1,verified,article_verified_by_korean_law_mcp,233833,2021-07-13,국민의 출국
개인정보 보호법 위반에 대한 공표 및 공표명령 지침(’23.10.11. 시행),,제3조,제3조,2024-01-24,1,needs_review,needs_admin_rule_pass,,,
주류의 통신판매에 관한 명령위임 고시(국세청고시 제2023-12호),,제3조,제3조,2025-07-23,1,not_found,law_not_found,,,
개인정보 보호 법규 위반에 대한 징계권고 기준,,제3조제1항제3호,제3조,2025-06-11,1,not_found,law_not_found,,,
개인정보 보호법,개인정보 보호법,제3조제1항제6호,제3조,2023-12-13,1,verified,article_verified_by_korean_law_mcp,248613,2023-09-15,개인정보 보호 원칙
개인정보 보호법,개인정보 보호법,제3조제1항제8호,제3조,2024-09-25,1,verified,article_verified_by_korean_law_mcp,248613,2023-09-15,개인정보 보호 원칙
질서위반행위규제법,질서위반행위규제법,제3조제2항,제3조,2025-06-25,1,verified,article_verified_by_korean_law_mcp,224847,2021-01-01,법 적용의 시간적 범위
개인정보 보호법,개인정보 보호법,제3조제3항,제3조,2023-06-14,1,verified,article_verified_by_korean_law_mcp,213857,2020-08-05,개인정보 보호 원칙
개인정보 보호법,개인정보 보호법,제3조제5항,제3조,2025-04-23,1,verified,article_verified_by_korean_law_mcp,248613,2023-09-15,개인정보 보호 원칙
개인정보 보호법,개인정보 보호법,제40조제2항,제40조,2022-04-27,1,verified,article_verified_by_korean_law_mcp,213857,2020-08-05,설치 및 구성
개인정보 보호법,개인정보 보호법,제41조,제41조,2023-03-08,1,verified,article_verified_by_korean_law_mcp,213857,2020-08-05,위원의 신분보장
근로기준법,근로기준법,제41조제1항,제41조,2023-02-08,1,verified,article_verified_by_korean_law_mcp,232199,2021-11-19,근로자의 명부
개인정보 보호법,개인정보 보호법,제41조제2항,제41조,2023-03-08,1,partially_verified,base_article_verified_but_paragraph_not_found,213857,2020-08-05,위원의 신분보장
고용정책기본법 시행령,고용정책 기본법 시행령,제43조의2제1항,제43조의2,2024-01-24,1,verified,article_verified_by_korean_law_mcp,240425,2022-02-18,민감정보 및 고유식별정보의 처리
개인정보 보호법,개인정보 보호법,제46조,제46조,2021-01-27,1,verified,article_verified_by_korean_law_mcp,213857,2020-08-05,조정 전 합의 권고
개인정보 보호법,개인정보 보호법,제48조,제48조,2022-02-23,1,verified,article_verified_by_korean_law_mcp,213857,2020-08-05,조정의 거부 및 중지
개인정보 보호법,개인정보 보호법,제48조의2,제48조의2,2023-07-12,1,not_found,article_not_found,,,
개인정보 보호법,개인정보 보호법,제48조의2제1항,제48조의2,2022-11-30,1,not_found,article_not_found,,,
개인정보 보호법,개인정보 보호법,제48조의3,제48조의3,2023-10-25,1,needs_review,article_not_found_in_inferred_default_pipa,,,
개인정보 보호법,개인정보 보호법,제48조의4제4항,제48조의4,2025-06-11,1,needs_review,article_not_found_in_inferred_default_pipa,,,
개인정보 보호법,개인정보 보호법,제49조의11제1항,제49조의11,2023-10-25,1,needs_review,article_not_found_in_inferred_default_pipa,,,
민사소송 등에서의 전자문서 이용 등에 관한 법률,민사소송 등에서의 전자문서 이용 등에 관한 법률,제4조,제4조,2025-01-08,1,verified,article_verified_by_korean_law_mcp,249993,2023-10-19,전산정보처리시스템의 운영
개인정보 보호법,개인정보 보호법,제4조제3호,제4조,2022-09-14,1,verified,article_verified_by_korean_law_mcp,213857,2020-08-05,정보주체의 권리
개인정보 보호법,개인정보 보호법,제4조제4항제5호,제4조,2023-07-12,1,partially_verified,base_article_verified_but_paragraph_not_found,213857,2020-08-05,정보주체의 권리
개인정보 보호법,개인정보 보호법,제4조제5항제2호,제4조,2022-11-30,1,partially_verified,base_article_verified_but_paragraph_not_found,213857,2020-08-05,정보주체의 권리
한국장학재단 설립 등에 관한 법률,한국장학재단 설립 등에 관한 법률,제50조의2제10호,제50조의2,2023-11-08,1,verified,article_verified_by_korean_law_mcp,234815,2022-02-18,자료 제출의 요청
개인정보 보호법,개인정보 보호법,제530조,제530조,2025-02-26,1,needs_review,article_not_found_in_inferred_default_pipa,,,
청소년성보호법,아동ㆍ청소년의 성보호에 관한 법률,제56조,제56조,2023-05-10,1,partially_verified,article_verified_current_mst_only_time_needs_review,270817,2026-04-23,아동ㆍ청소년 관련기관등에의 취업제한 등
개인정보 보호법,개인정보 보호법,제59조제1호,제59조,2023-07-26,1,verified,article_verified_by_korean_law_mcp,213857,2020-08-05,금지행위
개인정보 보호법,개인정보 보호법,제59조제1호,제59조,2023-07-26,1,verified,article_verified_by_korean_law_mcp,213857,2020-08-05,금지행위
개인정보 보호법,개인정보 보호법,제59조제3호,제59조,2024-09-25,1,verified,article_verified_by_korean_law_mcp,248613,2023-09-15,금지행위
전기통신사업법,전기통신사업법,제5조,제5조,2023-07-12,1,verified,article_verified_by_korean_law_mcp,247227,2023-07-04,전기통신사업의 구분 등
생활물류서비스산업발전법,생활물류서비스산업발전법,제5조,제5조,2025-09-10,1,verified,article_verified_by_korean_law_mcp,258823,2025-01-17,택배서비스사업의 등록 등
개인정보 보호법,개인정보 보호법,제5조제1항,제5조,2023-03-08,1,verified,article_verified_by_korean_law_mcp,213857,2020-08-05,국가 등의 책무
주류의 통신판매에 관한 명령위임 고시(국세청고시 제2023-12호),,제5조제1항제6호,제5조,2025-07-23,1,not_found,law_not_found,,,
개인정보보호 법규 위반에 대한 과징금 부과기준,,제5조제2항,제5조,2024-09-25,1,needs_review,needs_admin_rule_pass,,,
개인정보의 안전성 확보조치 기준(고시 제2021-2호),,제5조제6항,제5조,2023-06-14,1,not_found,law_not_found,,,
개인정보 보호법,개인정보 보호법,제60조의2제2항제2호,제60조의2,2025-06-25,1,needs_review,article_not_found_in_inferred_default_pipa,,,
개인정보 보호법,개인정보 보호법,제61조제1항,제61조,2023-04-26,1,verified,article_verified_by_korean_law_mcp,213857,2020-08-05,의견제시 및 개선권고
개인정보 보호법,개인정보 보호법,제61조제2항,제61조,2023-07-26,1,verified,article_verified_by_korean_law_mcp,213857,2020-08-05,의견제시 및 개선권고
질서위반행위규제법,질서위반행위규제법,제63조,제63조,2025-06-25,1,not_found,article_not_found,,,
개인정보 보호법,개인정보 보호법,제64조의2제1항제3호,제64조의2,2024-09-25,1,verified,article_verified_by_korean_law_mcp,248613,2023-09-15,과징금의 부과
개인정보 보호법,개인정보 보호법,제64조의2제1항제4호,제64조의2,2025-07-23,1,verified,article_verified_by_korean_law_mcp,248613,2023-09-15,과징금의 부과
개인정보보호 법규 위반에 대한 과징금 부과기준,,제64조의2제1항제9호,제64조의2,2024-05-08,1,needs_review,needs_admin_rule_pass,,,
개인정보 보호 법규 위반에 대한 징계권고 기준,,제64조의2제1항제9호,제64조의2,2025-06-11,1,not_found,law_not_found,,,
개인정보 보호법,개인정보 보호법,제64조의2제5항제4호,제64조의2,2025-06-11,1,verified,article_verified_by_korean_law_mcp,248613,2023-09-15,과징금의 부과
개인정보 보호법,개인정보 보호법,제64조의2제6항,제64조의2,2025-06-25,1,verified,article_verified_by_korean_law_mcp,248613,2023-09-15,과징금의 부과
개인정보 보호법,개인정보 보호법,제65조제1항,제65조,2025-11-26,1,verified,article_verified_by_korean_law_mcp,270351,2025-10-02,고발 및 징계권고
개인정보 보호법,개인정보 보호법,제65조제2항,제65조,2022-06-22,1,verified,article_verified_by_korean_law_mcp,213857,2020-08-05,고발 및 징계권고
개인정보 보호법,개인정보 보호법,제69조,제69조,2022-06-22,1,verified,article_verified_by_korean_law_mcp,213857,2020-08-05,벌칙 적용 시의 공무원 의제
개인정보 보호법,개인정보 보호법,제69조제1항,제69조,2022-06-22,1,verified,article_verified_by_korean_law_mcp,213857,2020-08-05,벌칙 적용 시의 공무원 의제
개인정보 보호법,개인정보 보호법,제69조제2항,제69조,2022-06-22,1,verified,article_verified_by_korean_law_mcp,213857,2020-08-05,벌칙 적용 시의 공무원 의제
개인정보 보호법 위반에 대한 과태료 부과기준(지침),,제6조,제6조,2021-08-25,1,needs_review,needs_admin_rule_pass,,,
개인정보보호법령 및 지침․고시 해설(이하 ‘해설서’),,제6조,제6조,2021-08-25,1,not_found,law_not_found,,,
출입국관리법,출입국관리법,제6조,제6조,2022-04-27,1,verified,article_verified_by_korean_law_mcp,233833,2021-07-13,국민의 입국
형의 실효 등에 관한 법률,형의 실효 등에 관한 법률,제6조,제6조,2023-05-10,1,verified,article_verified_by_korean_law_mcp,230201,2021-03-16,범죄경력조회ㆍ수사경력조회 및 회보의 제한 등
개인정보의 안전성 확보조치 기준(고시 제2021-2호),,제6조,제6조,2023-07-12,1,not_found,law_not_found,,,
개인정보 보호법 위반에 대한 공표 및 공표명령 지침(’23.10.11. 시행),,제6조,제6조,2024-01-24,1,needs_review,needs_admin_rule_pass,,,
개인정보 보호법 위반에 대한 공표 및 공표명령 지침,,제6조제1항제3호,제6조,2024-09-25,1,needs_review,needs_admin_rule_pass,,,
개인정보 보호법,개인정보 보호법,제6조제1항제3호,제6조,2025-11-20,1,verified,article_verified_by_korean_law_mcp,270351,2025-10-02,다른 법률과의 관계
개인정보 보호법,개인정보 보호법,제6조제1항제5호,제6조,2025-02-12,1,verified,article_verified_by_korean_law_mcp,248613,2023-09-15,다른 법률과의 관계
개인정보 보호법 위반에 대한 공표 및 공표명령 지침,,제6조제1항제5호,제6조,2025-05-14,1,needs_review,needs_admin_rule_pass,,,
개인정보 보호법,개인정보 보호법,제6조제2항제6호,제6조,2023-02-22,1,partially_verified,base_article_verified_but_paragraph_not_found,213857,2020-08-05,다른 법률과의 관계
개인정보의 안전성 확보조치 기준(고시 제2021-2호),,제6조제3항,제6조,2023-02-08,1,not_found,law_not_found,,,
개인정보 보호법,개인정보 보호법,제6조제3항제1호,제6조,2025-07-23,1,partially_verified,base_article_verified_but_paragraph_not_found,248613,2023-09-15,다른 법률과의 관계
개인정보 보호법,개인정보 보호법,제6조제6항,제6조,2025-10-22,1,partially_verified,base_article_verified_but_paragraph_not_found,270351,2025-10-02,다른 법률과의 관계
개인정보 보호법,개인정보 보호법,제71조제2호,제71조,2025-01-22,1,verified,article_verified_by_korean_law_mcp,248613,2023-09-15,벌칙
개인정보 보호법,개인정보 보호법,제73조,제73조,2022-02-23,1,verified,article_verified_by_korean_law_mcp,213857,2020-08-05,벌칙
개인정보 보호법,개인정보 보호법,제73조제1항,제73조,2025-11-26,1,verified,article_verified_by_korean_law_mcp,270351,2025-10-02,벌칙
개인정보 보호법,개인정보 보호법,제75조제2항제12호,제75조,2022-11-30,1,verified,article_verified_by_korean_law_mcp,213857,2020-08-05,과태료
개인정보 보호법,개인정보 보호법,제75조제2항제25호,제75조,2025-05-14,1,verified,article_verified_by_korean_law_mcp,248613,2023-09-15,과태료
개인정보 보호법,개인정보 보호법,제75조제2항제4호,제75조,2022-05-25,1,verified,article_verified_by_korean_law_mcp,213857,2020-08-05,과태료
개인정보 보호법,개인정보 보호법,제75조제2항제7호,제75조,2025-06-11,1,verified,article_verified_by_korean_law_mcp,248613,2023-09-15,과태료
개인정보 보호법,개인정보 보호법,제75조제3항,제75조,2021-08-25,1,verified,article_verified_by_korean_law_mcp,213857,2020-08-05,과태료
개인정보 보호법,개인정보 보호법,제75조제4항제6호,제75조,2024-04-24,1,verified,article_verified_by_korean_law_mcp,248613,2023-09-15,과태료
개인정보 보호법,개인정보 보호법,제75조제4항제7호,제75조,2023-06-28,1,verified,article_verified_by_korean_law_mcp,213857,2020-08-05,과태료
개인정보 보호법 위반에 대한 과태료 부과기준,,제76조,제76조,2025-01-08,1,needs_review,needs_admin_rule_pass,,,
개인정보 보호법,개인정보 보호법,제7조의8,제7조의8,2023-07-26,1,verified,article_verified_by_korean_law_mcp,213857,2020-08-05,보호위원회의 소관 사무
개인정보 보호법,개인정보 보호법,제7조의9,제7조의9,2023-07-26,1,verified,article_verified_by_korean_law_mcp,213857,2020-08-05,보호위원회의 심의ㆍ의결 사항 등
개인정보의 안전성 확보조치 기준(고시 제2021-2호),,제7조제1항,제7조,2023-02-08,1,not_found,law_not_found,,,
개인정보 보호법,개인정보 보호법,제7조제3항제2호,제7조,2025-12-10,1,verified,article_verified_by_korean_law_mcp,270351,2025-10-02,개인정보 보호위원회
국세기본법,국세기본법,제81조의13,제81조의13,2023-11-22,1,verified,article_verified_by_korean_law_mcp,247433,2023-01-01,비밀 유지
개인정보 보호법,개인정보 보호법,제83조제4항,제83조,2023-09-19,1,needs_review,article_not_found_in_inferred_default_pipa,,,
국가공무원법,국가공무원법,제83조제4항,제83조,2023-09-19,1,partially_verified,base_article_verified_but_paragraph_not_found,248567,2023-06-05,감사원의 조사와의 관계 등
개인정보 보호법,개인정보 보호법,제84조,제84조,2025-07-23,1,needs_review,article_not_found_in_inferred_default_pipa,,,
개인정보 보호법,개인정보 보호법,제85조의3제1항,제85조의3,2022-05-25,1,needs_review,article_not_found_in_inferred_default_pipa,,,
국세기본법,국세기본법,제85조의3제1항,제85조의3,2023-02-08,1,verified,article_verified_by_korean_law_mcp,247433,2023-01-01,장부 등의 비치와 보존
지방세기본법,지방세기본법,제86조,제86조,2023-11-22,1,verified,article_verified_by_korean_law_mcp,250695,2023-05-04,비밀유지
장애인등에 대한 특수교육법,장애인 등에 대한 특수교육법,제8조,제8조,2023-07-26,1,verified,article_verified_by_korean_law_mcp,244921,2023-04-19,교원의 자질향상
舊 개인정보 보호법 위반에 대한 과태료 부과기준,,제8조,제8조,2023-11-08,1,needs_review,needs_admin_rule_pass,,,
개인정보 보호법 위반에 대한 공표 및 공표명령 지침,,제8조,제8조,2025-05-14,1,needs_review,needs_admin_rule_pass,,,
개인정보 보호법,개인정보 보호법,제8조의2,제8조의2,2021-01-27,1,verified,article_verified_by_korean_law_mcp,213857,2020-08-05,개인정보 침해요인 평가
개인정보 보호법,개인정보 보호법,제8조제1항,제8조,2023-03-08,1,partially_verified,base_article_verified_but_paragraph_not_found,213857,2020-08-05,
(舊)개인정보 보호 법규 위반에 대한 과징금 부과기준,,제9조,제9조,2022-03-23,1,needs_review,needs_admin_rule_pass,,,
개인정보 보호법,개인정보 보호법,제9조제1항제2호,제9조,2024-08-28,1,verified,article_verified_by_korean_law_mcp,248613,2023-09-15,기본계획
개인정보 보호법,개인정보 보호법,제9조제2항제1호,제9조,2024-06-12,1,verified,article_verified_by_korean_law_mcp,248613,2023-09-15,기본계획
개인정보 보호법,개인정보 보호법,제9조제2호,제9조,2023-07-26,1,verified,article_verified_by_korean_law_mcp,213857,2020-08-05,기본계획
